Battery_Voltage,Battery_Current,Temperature,CPU_Load,Signal_Strength,Fuel_Level,Health
24.9963209507789,2.2959305018703375,32.01086944283389,70.54326947880082,74.31975269701556,51.49084162219537,Healthy
29.60571445127933,4.793306631648507,31.05362193967999,81.7013257472235,88.32593975799918,57.874852750001715,Warning
27.85595153449124,7.110620851134858,73.90654773386738,32.54211089132491,85.60965578740954,88.36379145617443,Critical
26.789267873576293,6.125574204866928,31.220502990217895,66.23866896462991,49.23399428162642,47.20035088479137,Critical
23.24814912353949,6.645928035030148,32.676732198361016,61.45713848293738,48.954968184488436,89.5719747849737,Critical
23.247956162689622,5.611483566975021,64.36088705716764,84.9547339109444,56.0904620646948,27.050754478135318,Warning
22.464668897345597,5.845935951624967,44.2330897592851,91.54783544331345,61.66448358046223,82.14387497669046,Critical
28.92940916619948,6.944369560957235,65.48618620208678,11.094109432964812,64.50733488450895,87.80381064437891,Critical
26.80892009394567,2.7476760620143015,19.24880024168504,70.66179271529134,80.78183301000071,34.5454122269871,Healthy
27.664580622368362,4.425974745501984,46.69212758876998,14.665221920775611,43.40082592995012,54.42772258977604,Critical
22.16467595436642,2.5484660927372156,17.184884011913372,59.39727985696203,42.08036225356398,33.23998197309245,Critical
29.759278817295954,7.913676055976529,19.072458224598044,35.88694561393104,63.51463377663454,76.52833031953742,Healthy
28.659541126403376,7.608415377806293,73.91843446738672,37.60989395699271,81.82982152827883,62.82782144493254,Critical
23.69871288542621,1.2759876795795413,24.050949122643686,41.76626531071209,51.60612057738896,70.82586773666569,Healthy
23.454599737656807,5.939026207609819,49.60734434788911,65.9163204144649,78.49026887537511,35.718957356496894,Healthy
23.46723607882747,7.4767382219096605,41.72121416904592,40.06449691018923,55.58968827641797,36.93966896419356,Healthy
24.433937943676302,2.2640274158913347,37.577316206824776,75.94291455312523,93.16516652881099,23.319786040792508,Healthy
26.198051453057904,4.975616613868406,73.48916746967271,46.40746470164827,93.741396655997,45.765402815658376,Critical
25.455560149136925,7.408418083116293,16.418520790406816,16.151788027896277,57.83723225687959,64.779572906694,Healthy
24.329833121584336,1.237621850100592,58.14632960141329,80.53838582356966,53.79962523779443,88.63479311978631,Warning
26.894823157779037,5.881941870727879,77.62063822388077,35.71824921334354,64.67823832397387,73.35419579669446,Critical
23.115950885216336,3.0814430516078555,51.410931925019725,48.949019163933635,54.431895110808924,54.83170587198011,Warning
24.337157188281743,7.470773367635712,75.89346003215097,71.68994948997114,80.34303059750222,96.24960915153102,Critical
24.930894746349534,7.797407716157574,18.396762153591546,39.92105414338408,89.56388107289713,77.53961604606656,Healthy
25.64855987373629,7.609865423794037,42.22156573982049,15.092709053204405,80.38552785467301,94.41321622900401,Healthy
28.28140769114411,4.319499516602247,31.910256412533325,43.652894231153226,89.46102683496096,62.20703786177325,Healthy
23.597390257266877,7.034298556925194,62.503362723747436,95.0003724424873,63.819529732448444,40.71234198345117,Warning
26.113875507308894,6.911845789745493,78.78431088232104,67.75609575687024,49.37901824253165,24.22613490917776,Critical
26.73931655089634,3.233703312702789,31.67445405887611,70.43312338004863,84.27705684385553,78.08678811870804,Healthy
22.371603301759983,6.8024083190547415,57.52134909581484,66.90539382738758,61.628470308493235,29.70423984044273,Critical
26.860358815211505,1.2590534430084483,27.87634612938311,27.90929250634931,80.27624951374796,44.222010261757376,Healthy
23.36419298949833,5.1738891493743715,51.74646654715465,47.65004776920521,56.23863651890594,62.59767263071179,Warning
22.520412743882236,2.6100618610139215,45.15561163474185,77.58458185269865,44.87377808840036,65.15332702237981,Critical
29.591084298026665,1.8439682004409517,78.18034642604991,19.123560779784324,99.5549077292658,68.04665575897089,Critical
29.725056264596475,1.538672411404464,54.55427272527032,35.0067498480741,49.372090475835954,33.30042642797605,Critical
28.46717878493169,5.8740214311469785,37.717914185643224,34.868719761926826,99.30525963780886,50.3789923857319,Healthy
24.436910153386965,3.379124746376463,22.41622601771567,48.88170348350554,98.63679595398683,69.37553816935734,Healthy
22.781376912051073,6.07336740070133,24.831043867770745,98.23318668479665,87.62908623448237,97.58550917070278,Critical
27.473864212097254,1.4574943855925966,29.64560044683028,16.075229201543976,79.56537772491986,78.2104910159751,Healthy
25.521219949916812,3.2070323648142725,31.312832987119368,56.68308949425355,74.66842301506509,93.80830056751662,Healthy
22.976305878758232,4.7764390466273605,70.29004375967396,26.14282138109894,91.96609272267008,80.97696466513416,Critical
25.96141528089016,6.535062153872745,51.47948123836412,97.36088908687697,57.36637129716927,67.33735751139204,Warning
22.275108168921747,3.231267520524489,49.020409239333816,20.19731542547178,68.06087274909262,35.36186953090756,Critical
29.274563216630256,5.381239635059064,22.459976671499135,46.32409021254321,77.16339816199012,73.33485215140104,Healthy
24.070239852800135,7.20184423765331,70.90908006771328,76.40964863511455,64.67142855216946,69.87036527679257,Critical
27.300178274831858,5.311042317276132,61.98292970855144,73.40989852247007,65.64918724541607,68.19753363658131,Warning
24.49368860871529,2.6307163232754363,19.398443523500102,48.0455773204539,59.817080050125064,59.18286943905926,Healthy
26.160544169422487,1.170805470895766,61.00928131993496,41.187175115744644,73.85390900107217,62.29252831914205,Warning
26.373682234746237,7.090692117306509,50.32998412727199,45.78511406975835,91.03447168090696,46.755402169448324,Warning
23.478835644204217,1.1488858759527099,20.312147473540588,33.78486368427753,52.09170268037877,61.545015411384256,Healthy
29.75667702211647,7.122911708789395,44.78954169936267,28.479964483611983,96.06598232520649,35.80447245427826,Healthy
28.201062586888916,4.702559938190484,46.505258663453056,53.473572780300096,81.34525922489378,84.41395178883015,Healthy
29.515991532513514,7.573473889590273,25.775345110612925,34.16803804608466,89.39639276080182,34.862156375896625,Healthy
29.15861880342119,6.591482650415657,76.47037955501835,35.87154984075251,73.3714415578007,26.79730319115731,Critical
26.78319983048868,7.985538773733362,70.24839914624303,69.10804571271014,86.77100208544381,54.89968210857259,Critical
29.374993880184935,3.454982708161971,58.48645192639204,97.16835985299029,40.97202384036803,72.66459516048495,Critical
22.707940016415357,6.370318022517888,45.04921146503947,64.32734805034376,89.10282548677212,55.01734599468331,Critical
23.567862899353162,3.813516395264695,41.76476020299305,16.928152035846963,42.40833154512199,42.140330556104686,Critical
22.361818311284303,4.359129342127362,57.31327536481202,16.80252524686603,93.39480258177176,64.65369471123526,Critical
24.602642646106116,5.392538242528591,50.453071511448854,95.62808987610094,99.5177648343186,47.760186832976,Warning
25.109418317515857,7.115739799304372,19.047751882322565,36.756171127660025,57.64404773060667,94.62941521013065,Healthy
24.170792254191166,7.8885842843950655,48.31267217007156,18.28602874742279,52.61911337714762,93.81161116828576,Healthy
28.629900073215435,6.377913897051627,67.41623512013457,63.91401284353434,85.92180183148244,60.18974559776764,Critical
24.854026613548715,3.924367475171336,44.85059204380227,66.12839004612395,55.18158045521519,46.230719521460685,Healthy
24.247476077499044,3.9494990159394914,18.377177541027446,68.36543381068194,91.9337429903322,78.97059311653112,Healthy
26.34156866526599,6.1630761111222405,66.10808295996215,34.066182507178716,46.170555529448606,22.93703547864533,Critical
23.1273937997981,2.6714400203781166,28.088645838838335,11.359961579302754,47.557311782761495,57.9815204834921,Critical
28.417575846032317,1.7733187919197626,31.81035426772252,96.85138325090247,98.74909330603694,46.90587154162668,Warning
22.596405149438166,3.482355103485436,25.705912973099235,32.58037411219922,80.43033389620028,93.64287080820438,Critical
29.89509549280414,3.010672941578572,36.46397921664734,70.84236592472928,90.81323346573717,20.960242181814603,Healthy
28.177958154373258,3.074156843191931,64.18884786976128,73.59668828908386,59.45976264109108,64.22519005746793,Warning
23.589725452273377,2.6352542573493696,48.760080867755924,64.90066753715371,80.58902497123627,79.25308648533007,Healthy
22.04417693698882,1.2946523274545332,28.317282819796315,38.16166547922834,75.65450963851583,58.8014390019233,Critical
28.523691427638674,1.1251175431338967,72.05895507988265,34.398662838765915,76.18900720737682,26.83224241301773,Critical
27.65485875078094,7.914056728152221,72.1728205718494,63.79014544324328,80.9519475722633,97.79691120223218,Critical
27.8320573443279,3.994411936151036,71.58759762799045,87.94860702505224,74.52155038774592,61.44083451008783,Critical
28.170162773487565,3.690286530117772,30.521753739800054,95.2060356031056,65.74374215815996,69.13489954552091,Warning
22.592357213872724,5.757530978851489,44.33055737176423,19.531522396338186,56.55536166283281,38.928782616600586,Critical
24.86772582835418,2.5277772150554494,79.02432764915687,23.934575133794787,86.11487985479212,58.679846808544305,Critical
22.926952476201038,7.649728287651577,65.18081096014937,95.02626329047717,53.57634580019117,54.33195935666575,Critical
28.90482740700475,6.504415100908864,16.765882379661388,76.28817055013133,81.54125836926485,25.9916673601587,Healthy
26.986385014620463,1.6258770161858167,19.238298431931984,89.46944423467957,53.999969358959596,28.49282828379738,Warning
24.647184198821193,3.9230654304944985,45.15553949280163,28.236937072180883,77.51981019726723,86.99780156950196,Healthy
22.50846680228819,7.153828152935153,74.09931338100141,62.882728399846165,84.82469602774174,39.18559617652722,Critical
24.487858573725298,7.613124156039872,50.01561686692642,73.10256349757263,53.122833334392354,35.59666171989044,Warning
24.601466576213976,4.271810578749088,47.35781302222887,71.21006969022754,43.5965980516785,60.39291610001114,Critical
27.83684942670451,5.293879724474954,21.855790497180987,46.73365217800283,47.858424579650446,81.49977050900104,Critical
27.100459770841706,2.1692376226445265,57.69070680707911,11.385540252217762,76.35981803626153,24.955721486319035,Warning
29.097701940610612,7.938180382958835,68.43670543901466,62.46334511238368,90.96678437354413,66.14463357106047,Critical
25.777719401295595,2.621701909684104,39.72730048799155,32.779138526164786,42.699809274125464,29.53683542724587,Critical
22.956753967506415,7.599122418945879,65.41477031014628,50.52288215286013,84.04907554249877,22.916884066049477,Critical
27.70595829778396,5.54752654294658,77.69098250355276,96.18229135754356,60.47911875700313,24.219516172977393,Critical
28.08628038893518,5.254157564152014,28.24481984329979,45.913178587819125,68.71170219517136,86.7331286566753,Healthy
26.49021758055597,4.58881957711556,49.016426027658184,85.5821445997984,95.73157299073394,29.437798690244925,Warning
28.16773743963649,2.614688682024311,33.66396727549741,26.9686545174326,59.91829028415073,23.612109152983358,Healthy
25.950364770915126,2.235696224038558,66.53553723719956,70.52144482225259,67.92021603636917,55.03199097143298,Critical
26.181862635055953,2.5434034634912273,52.54356878227524,97.93062589950492,40.82094488564087,87.51947775536198,Critical
25.420328146868396,2.3050678350097815,56.247857140769746,19.170379078564313,44.895923200290305,40.99267011914415,Critical
22.20335301395276,6.457091314967273,66.86442037503312,10.748794800447282,55.51549546808704,53.73700940207331,Critical
22.863131415946434,3.4508768141671107,40.73808072305957,49.02245133693529,41.671134449264464,23.193802605100096,Critical
22.251433485493873,1.4048987359437746,74.48085444645781,18.336293474623048,77.88251956289506,55.92628113079007,Critical
27.091283290110244,7.78371841098568,49.646876370999095,77.35459147086083,65.58390140809735,66.20904645097069,Healthy
24.514847848610614,7.18650119474398,25.26706348429762,92.3093797463703,72.88871216368132,65.67256430017159,Warning
26.068565529317624,7.494265982366491,60.23344268097216,49.061887543788295,50.47883115377977,46.594135373949214,Warning
29.260531791408745,7.964354758525047,66.56198777848654,33.284047793989686,57.75592176619697,45.24265445305084,Critical
23.994337833191,2.217266744536411,35.58950900938923,49.09629871059488,79.82946849116351,28.52988951492783,Healthy
25.283063384285036,3.773694132318611,70.71665170491895,75.1103036065001,97.91816341782399,49.34386565170147,Critical
28.04440910834439,6.307669329928639,73.89931155977482,10.814874542233389,43.025006416132555,27.95957350983717,Critical
23.83038532393298,5.872144326376546,32.99879167955758,63.050859053622744,93.42305925131596,81.32767557696413,Healthy
22.615839278630343,2.0772713443789854,78.92889572648943,65.19625163986412,74.61287207867251,97.30194381985487,Critical
24.318011623310145,6.710831874934325,24.146249323169297,67.39194222063419,73.83517400533742,97.60595653333655,Healthy
23.289770298032035,2.5710840028566246,28.131018446161846,31.781987198278948,70.01671211246563,89.2056879500315,Healthy
29.437581218740583,2.5667233037583617,26.9746145504717,74.2647451040314,44.163645154251,68.06337194716953,Critical
28.464963036515336,4.758820960253895,73.10933115051158,18.225233769859877,45.39261110416964,76.0692557795104,Critical
27.06723005208339,5.150579543891922,57.52901590112252,27.934330282012073,76.05472033954517,42.816464214433125,Warning
28.97168472150174,5.060603454864678,24.886778409447736,88.97230419890337,60.457514286133495,70.46163361380965,Warning
28.429376615192915,1.640407861784284,43.621022193942686,76.48508356539097,95.03608399466084,56.451963955190195,Healthy
23.492560471088286,7.142226038412662,54.994371629537135,11.237099861021072,64.39543224156833,58.561387182154604,Warning
29.140471987919824,2.8592002981209426,20.425165524309914,32.353863433282015,48.59688752215847,80.62212483001264,Critical
26.314737935325205,1.9066044489796292,72.35706394647701,29.29658346938481,82.88313001012216,42.55346844778013,Critical
28.4595212413125,7.221236559082841,67.23422980369979,34.372569523327535,57.60120528646059,45.44316893556159,Critical
29.168730399387947,7.689560487608274,47.838440282481486,32.28037932518978,71.52821844135359,93.97134329029093,Healthy
24.54402779977491,7.0348933208581546,77.86322999184608,15.627366616856117,81.8699671303102,24.49794358807778,Critical
22.880415396221416,6.666612523074146,42.15446365288148,51.30464649371383,94.01584667212423,58.85074387306723,Critical
23.823481300335533,5.586693864473152,78.96717073737236,75.94601273075486,87.53147168810057,93.02406403262894,Critical
25.41686230901005,4.856001594263975,58.41479992223576,64.60585522456928,80.58166407236345,68.82904062545256,Warning
28.544118127379946,1.6089073193798709,56.253632761506196,70.55845017382718,80.77799094370862,63.71256593697056,Warning
28.885844666050748,3.859172491494891,25.787068194226023,17.303426068261523,96.7554786419252,39.979534338348415,Healthy
22.055617044249527,3.608819619086198,72.32530428980186,95.63416391591085,57.74944584979216,47.46203912515586,Critical
26.085978420620528,2.8182764863222833,42.78682971483998,85.46426504587224,40.06672565177124,88.16387326437544,Critical
25.339288025190232,6.063940795820095,25.54517137586116,82.45812866460965,56.31727356389192,64.73745054147665,Warning
23.776862483765843,4.471130145551395,15.819488798424338,84.06854245375908,53.07348277760464,61.17937550054239,Warning
22.958922938669463,1.5673235113535355,51.38411943649487,93.94394573194852,79.7100751068399,27.966377083202314,Critical
24.700921371229022,2.5412824136486796,49.280975437973964,58.982856950232794,78.02269598593175,21.282252516409848,Healthy
29.543277631300153,5.782811345617171,61.7579854539953,28.02538160808633,75.60768296228343,97.09481509496393,Warning
24.58562345616604,1.5329160164321012,72.86677344615714,65.5105247067287,40.97460659256722,50.15889338294733,Critical
26.15032497394693,6.958448398341381,20.161428001796917,76.85933443011452,83.72668326703885,68.25704496796034,Healthy
27.62415167116142,4.466025689097821,62.54727187212355,76.41256540186228,59.411824749129494,26.377205854982797,Warning
24.909036819034352,4.3641060412865365,27.181776366342845,56.93041217501921,79.90335934039787,74.64914285784373,Healthy
29.774256661767687,5.146854492616623,70.78150845521566,16.161284740022026,73.3947057101292,94.60533669647687,Critical
29.69957835953689,6.772766761476044,68.23912840100765,43.4001644587115,60.56385552567443,66.05322023979357,Critical
24.014258366602913,3.4346644553153514,50.151594074060384,92.86899476170215,48.07457602624646,30.089225790032845,Critical
25.977988047139085,5.746113067913445,61.16578191051525,62.60040187816834,45.66513385962886,66.53772219787814,Critical
24.407026478534156,4.960123747970537,35.43275735694365,58.44987489301421,89.89109998673341,81.30777704837219,Healthy
24.278723955019743,2.8691978911859493,45.62591343063295,34.196816294397415,95.10385252489348,52.51332292592149,Healthy
22.29509557883626,7.150409904486106,68.40639835118066,43.1604027924921,78.98728280585797,90.38701983531743,Critical
26.876514671839175,6.581982151248496,44.852237816258906,90.58114802378523,46.206046891629,71.89463626858915,Critical
26.021432185830893,5.609162842608979,38.25688724615372,69.98167427741521,64.12163301329444,91.93991346313621,Healthy
22.411830009999914,6.954072103659693,47.12380907126949,80.86483240770995,83.73635200630943,69.88042489978697,Critical
24.229171713892892,7.071059406718616,68.8362014084192,50.89108807608896,86.78925304060408,30.503037760385936,Critical
29.26612708773323,5.958540837005243,36.788523079106724,66.7222497510542,47.093117337465316,44.775336888415126,Critical
23.91649512533578,6.859093298545704,26.294503553823347,32.354524786888675,40.001843130722946,36.143595860196555,Critical
23.159158976729785,5.882300231684986,61.28091132150075,73.49147472551377,82.7282227528363,92.70611981734899,Warning
25.915622082220505,5.7609854023221025,68.68858382602532,48.48412003330036,61.39577055917234,80.83200538299862,Critical
29.885203632884807,5.33027964750629,21.541436104029668,49.8290963333271,55.268879897095616,74.11186951280048,Healthy
23.936442172092004,6.269016476903489,30.591817329136408,68.43900921191936,40.77384818737153,44.07730557052973,Critical
27.37708437924703,2.110235737051516,24.228179334464603,94.2652559322034,72.41796440568999,34.723581764017084,Warning
28.09295692262974,7.166095314392499,37.616191752840834,15.760571194775883,91.0690441255589,80.51608703911295,Healthy
23.9011003519392,7.102904694216624,44.27281362885182,84.22689136123068,97.45789877635528,57.93263567032638,Warning
27.825730788894877,1.204730981241914,63.67371190261492,36.31447993709738,73.94469703679735,38.06316417205033,Warning
24.942265061754025,6.7807172539533385,57.32459301730882,49.95275090557401,70.86767966439365,69.32975825322201,Warning
27.058446644748635,1.9020890723141164,55.360356886098025,11.972199589750806,45.10338312935447,23.226708171076158,Critical
27.06823768608716,3.345831979813993,37.90437152962754,37.094147005088175,72.93236809255599,46.09362033026028,Healthy
26.28619747259807,6.204557794041254,69.69409095050939,55.236811836711745,62.79874473792368,57.48455956729077,Critical
22.722318160435265,2.1253192723381575,45.6336658808807,15.055846961269511,76.42811685301461,31.83666672875247,Critical
28.682419964713905,6.725769168833436,78.64182097098504,54.19861564448486,63.3235808725928,98.77235820726716,Critical
24.566240519773885,6.8249392457041935,56.219238989222895,93.43995659725846,54.417947407022005,36.72778916716914,Warning
23.492148083198835,4.552274136325853,23.207208201692676,19.48538962970247,45.69791651370259,30.42825040346124,Critical
22.32620113243811,1.044701102017835,58.95154153490321,78.7996655267954,58.89510667533374,36.28278991095171,Critical
26.727143545505935,3.0092669322243895,36.13176100306043,46.87039480383934,45.798690057265134,81.52489065277794,Critical
27.42051489473826,5.318488428630196,59.611267784596336,68.96563430719043,50.613817049439035,54.04045274174742,Warning
22.13270263142285,7.868303246191965,19.52667463055637,33.42129381867064,99.24016951477276,65.23327518020304,Critical
26.09674446639425,5.422694689116678,26.36729341643736,24.354303628722246,66.64621341439712,21.680732558908858,Healthy
23.811966201583502,2.8186250674491187,70.62292182887612,24.441635284410378,71.912305990301,22.754504685865165,Critical
27.1613823232756,5.438039921697279,29.766671206528468,16.344275107883018,92.41711172423292,55.66604398616129,Healthy
23.394931432039932,4.779897658010988,69.4076731407911,26.708203441111873,99.73413402944126,85.33241945612988,Critical
27.52750190481973,6.458917766058005,33.15294574953668,69.77974464900714,74.9628669606809,90.81911029660522,Healthy
25.0938827704043,1.7488644717887087,56.787324153815995,89.35215506591572,88.7484292626503,26.936525407651217,Warning
29.493839909893875,6.327195317514196,60.119787278139015,83.27131170320456,59.61646146020052,63.06904816808182,Warning
23.100167553167946,4.788866050732772,48.32255895442844,71.66208788870357,58.34463744683747,93.05837490234164,Healthy
24.72853080840207,7.740944027012962,34.84519398528754,19.93886770699924,64.16222325967361,51.03782035183091,Healthy
22.907788169924714,3.3931051622708024,28.821884464121247,36.02687016663548,80.35043576041895,86.36526651426949,Critical
29.397548946228504,5.4283532519376365,17.157308046557706,37.88261877902221,80.93150135530593,30.695652351954898,Healthy
29.018714827047848,7.524196738570122,34.756516080647046,32.49612517578591,58.91436607896705,94.8315591734239,Healthy
24.063533021721245,1.7175680959347548,57.455581384533396,56.35050937387508,47.99259544819772,80.11386540250422,Critical
27.27987236827343,7.560599410655158,75.98981319915137,58.199843339170535,77.94377538793051,95.30675142295213,Critical
28.537777601609726,5.815200056105693,71.62829134709838,42.11973776539992,47.69955173132587,74.12937868420052,Critical
26.4416064927957,1.4748594137362034,64.79421047479467,41.84102428627924,74.7095504937598,49.07231455995416,Warning
26.23720462684805,3.106744968627714,66.24907731146442,84.57000381154732,81.60532768337853,95.0544938019778,Critical
23.934818327203615,5.957204620516971,58.22401872593969,81.0363563487717,82.0366897836671,42.045342104734274,Warning
22.744822142447195,1.4714542102814019,31.918645741790197,37.701624851267105,85.2083266395758,46.5738017649386,Critical
29.177726063626615,5.075193221233913,73.96767699587895,92.24095994859334,92.37156529393987,76.06467344013923,Critical
29.203344457306642,3.421181398670697,58.597600273879216,95.75335153022554,69.9975395178873,81.2253039620309,Warning
27.064811658186144,5.34640862437234,51.428641013728594,39.40682878270368,83.81495137177427,94.3522787079323,Warning
24.712238328389606,1.3201942366875898,22.21431549887627,41.898245391374935,77.1503641219502,36.38419272449676,Healthy
24.793676596901285,7.100757643066634,44.058610347417655,55.5070738079763,51.19839638786095,83.83984281753791,Healthy
27.807645430961916,7.814422784241779,44.92328762812521,94.70087312803062,41.54137869216449,79.08368427175708,Critical
29.17688207962062,7.782144986999841,71.19663461897355,88.86874898280804,57.07248314061603,25.10356450028783,Critical
29.09669139412094,6.247562822200473,50.53213431220625,19.231116632523083,66.58202238025716,50.97785129681655,Warning
28.23900436686099,1.9106036809144238,39.726035683076624,45.345766894427456,77.02635666571938,42.62123656480789,Healthy
27.1362531692343,6.307842371503158,78.49202135319285,59.80340707747946,90.99755983019233,44.359233948322434,Critical
22.67311971996039,1.1721084152116106,22.19683856621052,55.28192252963861,51.77474300236994,98.63575036437607,Critical
23.293029712756912,1.1548648607029808,42.4656478402764,27.44767611432034,47.53298739390863,71.42219307839423,Critical
29.188433508216633,3.265271534046789,17.731603886141343,87.29350940513392,97.80879684845965,77.41409262347997,Warning
26.85143247727672,4.42050233283266,63.09376784985047,70.92467046971537,46.482673562584424,98.12941098520074,Critical
22.073576412933036,6.392851924654552,74.67497589294479,85.41175373666232,68.70946420643135,50.17614259661109,Critical
22.811772342928258,5.783067636245536,33.20242642078181,87.2887851414525,75.13382372759811,84.14721347622448,Critical
27.308014152864445,4.121318944637238,70.79220899194286,77.35202682991658,72.4824652544463,54.76247706435963,Critical
22.04049267076975,2.915386663971661,33.994184980023356,49.52895411247456,45.161929421976595,89.56269374519837,Critical
23.28646441133999,7.979871501103978,74.20006050685448,64.9492079513882,43.42161484021716,34.45260330490426,Critical
26.38987031493269,3.9832691156518107,64.00752373379096,24.43288655077688,46.32900564766214,95.81489416514236,Critical
27.535161581541544,4.159709170307728,67.3189404946935,70.62808757274169,75.13526103235675,37.50173667287037,Critical
27.215690076020806,2.1453667483416843,16.170426114029542,26.132793016535267,72.66069325805927,46.097640558474524,Healthy
23.79415447568448,6.563666841249505,77.58267320981169,72.45546314591411,54.02444752220465,80.49537872854243,Critical
27.697433770780286,5.855775580470421,62.233614484571014,30.66383446785718,78.2664485107355,51.500411325232534,Warning
23.897992699974402,2.5453872895213228,34.80882120009866,20.579617013519798,89.20405012333896,68.65691014131573,Healthy
24.603197585274142,1.5766673193108989,68.91065321582505,24.875604112866167,42.49473759079562,55.565880085554284,Critical
27.971931240944194,5.763495114522992,33.298877896970446,10.179292169716325,69.88779661288254,79.38959496718255,Healthy
27.19706319237772,5.5815784999679465,71.72899957179831,74.68656560681772,81.35862472616142,38.266500189488866,Critical
28.793787283953424,2.912816688987465,22.317725376775908,75.91609441525412,55.13871562418122,24.67663897895016,Healthy
27.260903138402746,7.656044935752872,60.73958853495172,56.34400149219335,58.46625431758895,43.9943517978453,Warning
26.54646882668377,2.0574052424663014,50.145400981919174,24.522652094984533,76.81827417936303,57.94469318947442,Warning
22.74939814262474,4.026343607298213,21.274740562703652,17.519890375962078,93.87611760662422,33.441604175414284,Critical
24.94172642447547,7.605311441173193,30.723098836824533,11.721606979355832,88.59546521817396,48.383783172511095,Healthy
24.121618941453804,3.9380912184828563,15.806262358025462,24.917335926869864,74.98781314597501,51.998641463485484,Healthy
23.951917147032667,5.469681633648599,45.46991775519288,90.17699814848321,83.81330306543495,24.591347495061882,Warning
29.784084438019566,3.78316078573956,34.58224194940002,31.738315753151358,61.88934821246792,66.66457985473636,Healthy
25.144781797334083,2.91950641644069,53.89323647935432,41.88441944954941,78.45793168592546,90.747474237703,Warning
29.136372441416906,7.8878435357187975,34.32045750106012,19.481093603319987,67.97089546765342,32.13943303624419,Healthy
27.049109007978103,3.865338044205301,34.49474224795401,30.012517427335325,51.396168187453654,67.82464107212112,Healthy
28.358490428333187,7.258694425753941,63.30755791755422,56.73021137021846,82.10429643263544,73.1791363928677,Warning
26.021096744841536,2.6096822412376035,18.129284338592974,64.69774147860873,73.38787824092933,53.546774433543064,Healthy
26.615231077010872,2.4917329281755833,73.68817468747918,32.081708274959,61.51729491721548,76.0878069891416,Critical
25.940141550550912,1.2179385801915794,70.3971518354268,15.195894330260549,94.68035140471784,52.85852347928096,Critical
23.561943902384357,5.561667777631195,58.407304409716424,45.19295822146588,41.256047069603994,60.370983038194794,Critical
27.779616922092043,3.579684406066328,53.55940205697998,31.078303383370073,58.94638907496976,20.58824356435416,Warning
24.246178899526846,7.050507748877459,72.99966237907739,29.759853090682174,43.412883866658795,75.3376091307751,Critical
22.19452773145163,4.3124693468409,27.04646166936644,96.38765224421097,85.99163897329763,72.90741431557795,Critical
27.163778367257343,7.777353995403052,20.13299554240386,65.46704373331517,82.12644724682755,23.072070186107567,Healthy
23.41688543525639,2.298678609921848,30.568161044119975,60.11905988548863,59.88113312417902,49.460008591610645,Healthy
29.523668674823313,7.080362175689276,66.64758811551236,47.41975931709897,80.53977413242438,98.32254726333339,Critical
29.6314286160207,6.436177969542192,17.253567337221416,48.60499000871298,63.756233571756994,53.658925005489344,Healthy
29.318915121763588,6.396452912508364,52.882444280426824,58.68145034542727,85.37522748534606,60.15563241054734,Warning
24.961269602043554,6.913482596818214,79.70343855243514,72.67868263324965,67.25101976420237,92.79441265277748,Critical
22.12365293223094,6.3271679366009925,70.62024609944007,73.19314865636466,64.73678366989994,77.3809500692605,Critical
29.426548500701802,5.383542251419907,48.89396978783331,25.45245169349046,96.08379492929807,66.56561048993788,Healthy
25.425473186538515,1.918714143776713,19.136659103631754,55.01014768689643,55.05274599344202,83.8243745072858,Healthy
29.733238552349356,1.2276832564387634,69.03927843507114,47.07622855306918,47.22684039979393,89.14930131647786,Critical
29.70895981671402,7.445934934709808,53.933603031518686,88.34742696424458,75.07258679556749,56.55104573898135,Warning
28.82407564373888,5.316552201645166,22.470644808871842,66.82770290965388,98.15930873705074,58.00866919454683,Healthy
24.355591136556686,6.575761036833234,21.100723513518155,57.92536597743836,62.6703528236312,50.88407485214687,Healthy
25.080781828815404,4.370656460587851,74.12574326337851,20.38551779610256,43.72220581772689,97.33649120147685,Critical
28.809093372134853,1.8211573227367612,58.4980170909751,64.50741003910703,60.358316038574046,75.77330034322803,Warning
24.53537604125022,1.8763005454178532,68.90364195558911,20.548351511221007,70.35589925917351,26.65784529664578,Critical
23.35594197348874,5.798957010602799,72.13362851834738,40.34859180091769,49.71538039793282,89.03676986504148,Critical
26.454410099666802,4.012141264296239,52.16520288314094,22.85577683328987,79.48613308338952,58.444795266901444,Warning
29.489238193286248,2.403673086902357,48.63401286407768,72.28662823219321,99.86496334061204,25.500312513798995,Healthy
27.568238373399783,4.441161827190058,42.97778167086436,28.562690245253734,67.10436855888663,63.977380413064886,Healthy
26.560489360714918,1.4494625595259385,35.601528206422756,45.26734358692234,61.28371340381276,53.37314231805617,Healthy
22.777411950166147,5.073799813400791,43.24873745581627,90.61072998569009,64.042250010068,90.21995238900999,Critical
26.92005781359336,2.8829538310456835,65.30217762246016,28.388474505907325,46.908770703712065,36.319568288750986,Critical
29.920430800834104,6.582913704460317,54.12502301598355,55.70245575629012,92.99641608557343,86.11716875937464,Warning
23.12067212189219,3.1725337124650164,73.014013847065,47.73444950494198,64.88953933128111,64.61509529483622,Critical
26.146637218909895,4.186541043572609,43.8197009346472,11.631163694115676,63.23646468549048,24.368824257077524,Healthy
29.018984575423644,1.0813437793567044,54.460822616719014,81.34823022155315,79.58141637582845,97.74762410603877,Warning
27.926148942033635,1.507128214561912,56.034990950979264,16.214131568313974,66.52200525586741,61.009219528256,Warning
27.576125927962146,3.747454894846794,53.46031554991116,52.682951887925825,78.89400812847076,43.270148338526596,Warning
27.619872671896875,4.3595718430198644,60.67119525055856,60.46104654450549,43.68677740784725,57.55254735914065,Critical
24.87592920975804,5.200143836835126,30.43317544436241,66.55838109531284,88.82340062333364,88.62862268139912,Healthy
24.348734754115945,3.0416380509651226,48.303645540476396,71.9768466377088,96.43023717276415,44.39224995080508,Healthy
28.47488924382811,5.864873202885798,21.774612182542597,32.794514517044355,78.92592316956316,35.41411171893603,Healthy
28.480907157433446,7.020856780324432,39.99323629691282,10.898089899260444,97.27395573152864,30.325699754470516,Healthy
28.93657854864083,6.458956922253448,46.698359460382186,75.10992961194208,49.0859388621978,43.8287518712169,Critical
29.30592442045177,1.2773317774385,57.39457687045571,58.20909394128207,68.64497136882122,82.40384696320348,Warning
26.090739190887504,4.363548630804803,76.78451841810323,85.25059328865238,76.10840403672684,57.730109215620935,Critical
26.012130357497597,1.734511248927224,54.042319325643135,83.92495266106249,74.9041988452712,38.1985282954832,Warning
28.3863614317342,2.6943151110376924,63.333604551476384,85.89935510090949,64.0877067453426,33.294799968779934,Warning
27.19971144622212,7.906638152870025,47.90729386718818,53.65851939815862,60.28506456197568,46.61835812083033,Healthy
27.615735018061628,1.9974688003105925,56.216762039461535,40.02655562531791,47.609441353025126,95.19394983085671,Critical
28.366341355488807,4.492217074159493,19.610594048695273,81.2402382332233,63.50454703373669,47.44213700720195,Warning
29.12004273454053,5.327090140226834,31.535452754720055,50.616470172632944,49.759648906329105,99.04992607637082,Critical
24.703961254812285,5.917254793808728,38.52045105833402,26.509797676309105,84.06194058953311,58.818436461228494,Healthy
25.00466362111955,4.9175407844083985,45.71206807542338,86.9476617605327,52.5298561296754,34.33311346321207,Warning
22.751855518726952,1.0683959319342855,17.967168457654942,89.43038890951125,43.51391831707203,91.29120734348075,Critical
26.626241127969394,3.2852291577079433,24.10156634096565,51.96787805261531,73.14196826903405,56.82842985078615,Healthy
22.287538190373937,4.62398150369298,32.992930006434875,16.81297545788087,75.71378396316409,76.77370748036195,Critical
25.72478414505968,1.6150654940138334,78.1496249085683,44.90434809252381,92.31478367683033,98.69692665673215,Critical
26.34115707766061,3.454388518464265,36.5375554616983,82.31838935163431,74.61889674506091,24.01402802559792,Warning
24.292330017026273,1.232421761539566,46.33266877728536,91.15966256916059,60.72885122340674,27.735564783005373,Warning
26.726666084552086,1.5500494800851452,27.74635132799554,28.312546824783624,88.18071289157923,77.63653931702049,Healthy
22.244001999512395,3.7784629334111726,54.700704619924934,16.027625082274437,72.41673359124526,42.54600026363776,Critical
22.298785509993714,1.9290102783014225,33.24440900853833,88.96154078195548,44.7568170778715,34.744111756007925,Critical
28.580804485277266,4.972785937830907,28.45451759849774,45.04644450809877,73.9510336187948,23.14895038557836,Healthy
24.881525131290104,5.82625478396086,48.57722084898864,58.758486784080695,94.48111272529974,21.747736958896144,Healthy
23.016484101215077,6.60410689376358,15.357876945427353,97.1259230845683,63.778757529893234,81.95884824958327,Warning
26.177946080438435,2.4010517097136708,15.498162122199647,15.990825512280058,57.77954811398801,30.754674189564,Healthy
28.159948424788887,2.172378075813488,29.239472591620757,68.3486206706886,48.608167421081205,57.41764927769207,Critical
23.726568219974745,1.7319748823408019,17.386888562553374,16.669488031738037,49.08673131612144,68.47174521435863,Critical
26.983123806552,5.455011746805457,22.021674018494938,43.79220356198503,65.96628906050913,54.2681440455077,Healthy
22.682779719950144,5.945330085408308,37.02594220701885,82.3433090674102,75.74078944969177,22.16853218689865,Critical
22.413453769348862,1.2211030137794943,67.16806917268784,49.012500948007094,44.8369243101761,82.6801202070327,Critical
26.250837052545183,7.553485723705829,52.18316181900455,99.74641185126553,96.37411534150995,20.84105796333228,Warning
26.32508097288085,1.3637989855603068,48.32340218716707,60.315335645194196,85.30801704671175,80.95119155019871,Healthy
27.099439211985654,4.789074347107493,34.07677350852791,38.904593737235814,75.19743509701976,91.46435950304982,Healthy
27.80873066978129,5.963423636156415,75.56399176313306,29.81001933142778,89.70632025633945,54.62719368457378,Critical
29.806816635700276,7.096783866222599,40.805977680417456,41.54684808575456,44.8112054087268,62.84339784782386,Critical
26.13040278640956,5.998608524926994,20.661029841725146,43.52799463835957,68.61033266398746,58.1586714094123,Healthy
24.583651783529966,6.612096581488543,55.109323547657084,16.184230995156486,77.8055876116998,51.1366894898751,Warning
28.36148955814963,3.3761513477996425,22.399495575979092,43.261677948409584,89.71917436709735,90.99396282962883,Healthy
24.166658010096594,6.703775796225585,37.439504282109986,51.781466776530245,87.00817360295606,91.51468085359924,Healthy
25.51177136564509,1.5608039246927259,47.98177601665758,75.04639770149242,56.62415498280398,46.865309171322764,Healthy
22.627651050738127,7.263716592423694,71.82446410453643,69.10565362494472,96.45281017355225,69.20558032117584,Critical
22.20280594732366,4.833146633076153,47.08052772210771,73.78890897062388,47.46075048585222,94.15260497166913,Critical
29.7011873174234,6.721084389737456,60.646819792058174,10.75273136891714,92.50801711726913,96.96467991530812,Warning
28.687840964097646,4.166227991628101,79.53309453493958,29.590065962248243,98.25641497627711,60.7167232337638,Critical
27.567793648749586,5.505043866375675,23.546792793368805,69.55158595598708,50.62921139335754,56.225984422746144,Healthy
25.271623555314157,4.684818626552793,32.85754915876877,53.559043136177245,83.32396385222711,42.29554527428206,Healthy
23.386354560566765,6.121126652287323,40.64744491384702,10.478212810151135,42.417131126679905,96.7097498552328,Critical
23.25149634136869,1.571409874214127,42.41883160502404,82.40451781886401,64.3253695083493,31.42514435782939,Warning
24.00194318531676,1.4224645879339466,41.716369892260474,79.55286159613037,70.97699795186044,66.386366083818,Healthy
26.393813317648963,2.729722638071025,73.99471516617606,59.357724669420634,74.83871355457805,42.60402140149111,Critical
27.716767381600498,2.1168127607923184,61.41212189034567,15.981699319864491,96.15623489491357,42.32066322782373,Warning
27.28157901374185,7.102484966145412,54.51383891589575,78.98635445793262,80.33504123765168,52.397486990095075,Warning
24.239471175567544,2.5344979115063104,35.10922666108083,62.53422289582276,68.87667707315423,99.90343486525236,Healthy
29.63892224530555,7.8310567907339195,68.54637497438415,80.37639794421632,88.58050217595336,24.397304547185765,Critical
27.903175333566146,3.358270542397748,77.07893324652429,77.65722931562564,97.03196925726454,66.28334545628252,Critical
26.434832420091205,2.274825409820895,68.37788836576472,82.27018647620534,41.32396892093745,26.605772642822174,Critical
26.893765969874817,6.527889549997354,15.101731837445739,56.62072597641623,98.95127633536232,32.361666399241514,Healthy
25.35680049942232,5.610954428506133,56.36608906192146,22.62920663741635,45.16792834382082,55.165035341831896,Critical
23.981847916009258,4.487370015171972,18.323799793736548,70.40417260417198,88.86320675612568,60.836810507715306,Healthy
24.847781429210094,4.8875448565634185,31.74446932169192,65.84264065467735,56.82008515308475,40.70339266916192,Healthy
28.062768883714952,6.034412447905847,18.86910552260516,76.80278684791784,47.930779465232305,45.31657046995329,Critical
22.115147909038047,2.599183189319091,54.2467044417102,25.289290544566178,66.3913383828301,26.957361620474643,Critical
22.92858112405533,7.974337412397194,59.62834437701944,27.54776799102603,78.63739476685681,44.25758270754004,Critical
22.368021136174022,7.823552135027482,22.441696474283834,90.13685654973956,62.8571107014085,97.32467515044353,Critical
22.32583041855176,5.552279804428558,39.94952739792367,77.49800186068637,43.27392449696194,95.57659053379854,Critical
28.84368467208806,2.396797156504016,44.65537308211023,91.74056398302906,75.96766837952299,46.7902632109588,Warning
27.62926287504019,5.761597697019039,38.98844641445958,78.28437890475287,94.14419656664049,65.66831490230092,Healthy
25.793390632698603,1.505388862854231,22.86662503153755,63.743977539127165,62.992921956835104,92.76763128887555,Healthy
22.782673285208013,1.2145675154406423,42.2316063621859,68.87194633250863,52.97996665784962,20.494705811271736,Critical
25.932927000934658,2.8037802195784955,63.826573107547176,90.0215131546009,66.55464075596892,84.85468562700734,Warning
25.787774166244525,4.238360697175214,19.615498194661605,62.09260790607465,42.90176266292685,95.86956422311351,Critical
23.385614959280122,7.077907537858664,20.211700915323725,66.91521918955486,89.22925506881649,27.306058746684563,Healthy
25.470813193903783,6.090183488364156,38.06013396933898,24.082904440324054,89.5804486570112,32.91581488263368,Healthy
25.18803787517899,6.198945648399867,76.21217125523013,52.652909810449245,75.2800278057777,96.85970422170843,Critical
26.926800784417733,3.9784533411365275,58.457222036989414,74.4757400762289,61.18617333630337,63.0032114912277,Warning
27.08074920694115,3.4215449478287403,59.11354718371671,34.384842848472886,87.98700186674701,21.135730757737896,Warning
22.362432078176354,3.597271340892219,38.52479940446122,28.202876247208142,73.28122148730203,40.61055990108233,Critical
24.99690091701177,7.913546946152405,53.587951428554994,38.2444127401974,89.55593851300097,55.99549394150877,Warning
27.00687932571389,1.2807643398873774,15.65852696180332,31.73505651935501,77.88752755498123,75.43271288198142,Healthy
26.0250900686407,7.06922047285714,56.34624301662024,29.342137333275627,87.06432839276783,78.65283025094396,Warning
28.85191872950658,5.050727860006754,74.36365159245538,48.23657585812782,75.9137795930656,99.63372103403648,Critical
27.26954905295156,4.070307934327134,54.81727544241325,91.70546624951807,64.84846409293998,43.00089595070072,Warning
23.303475416651438,6.076803622905955,71.79040857531243,55.63536820648464,97.47675159556826,63.05760814947802,Critical
22.564549979203438,4.40668258997292,62.0582486052961,26.912834273379072,72.46682949273068,62.6658838287684,Critical
27.139354225650525,7.113962666571624,22.836297066239865,16.927450244278667,76.3053711124323,52.451620755779004,Healthy
22.212090484332975,7.304913048078809,73.65946497357972,72.65405306241327,53.229258364884956,33.53295150739362,Critical
26.686204650187705,3.952046488114188,19.318849883125367,44.451888799274904,77.53904736563659,98.19652505470741,Healthy
29.52184193139966,2.937794580645361,49.70788571560465,83.96478519268233,74.29645896897664,88.26537493332688,Warning
26.603793423007033,5.146452300153536,24.238913046574748,69.35596917766932,51.090303876821494,59.86664226353898,Healthy
25.105359409652173,7.386543419316837,15.760929697508764,81.66173054872317,43.575225841188626,68.25963381472238,Critical
27.146305747538825,2.4746353230396663,42.432226908296535,34.47514354766039,76.26155918288626,38.180884284772986,Healthy
25.666023123932135,5.3607660849443795,34.17764599752016,72.31230302149523,85.82153616101922,63.50296563133975,Healthy
26.36493431452748,5.420921540647644,46.5900320968442,33.76557862243469,71.40408225532049,75.59761064971806,Healthy
29.5317184702122,6.131791156906967,52.5179926377458,94.51616315052624,53.606357519178744,61.21336227092711,Warning
25.088821102406193,1.9209737958908186,17.84303970008158,67.2736853380037,79.9913186015821,99.2228136467953,Healthy
29.689524510591312,6.01077475277462,22.995214183043466,39.20606201578079,44.806343596576134,68.9073324998181,Critical
29.24280513564851,7.363227644659487,51.311755769277646,34.25606760630454,66.51002228811727,49.677897007373524,Warning
23.56632907831437,2.257781762091694,37.30587795622279,27.183392656447914,49.802005503905214,81.77216220926705,Critical
22.554890407001324,2.6628032744671435,62.39627669071412,72.5176863004355,51.067543063593,33.637000926531364,Critical
22.806224011019413,7.799765658291477,57.39895715847608,29.684405169813456,52.13763694949222,50.76126509650132,Critical
22.1457746052124,2.2668386689664284,69.96428359434394,63.57729393347402,63.202423422638674,47.75671603020687,Critical
22.755543686047428,6.980695653587054,60.01203373349964,33.81715242328216,43.06901233722386,54.54456760862218,Critical
27.464054187330856,4.4459449951362435,42.94552003035963,69.57720503144817,63.86760645574589,82.54238607429811,Healthy
22.56950918768183,2.730617520822239,58.74283045563811,83.34457556864852,70.70244682688205,58.73384257307259,Critical
24.55180504235009,7.095249308907579,32.89977632660221,80.02227188301879,68.99765709797951,83.52115602127702,Warning
28.759002487755637,4.117136785018658,34.91037742058382,78.47661978377036,62.96704602418244,66.11911225118928,Healthy
22.186175485886608,4.603721477507832,66.28403539485157,26.895016512302686,90.34879648424514,47.365554772604426,Critical
28.515747860711485,3.51463358579836,44.01726856610284,17.954645228606683,48.71960154523025,84.79829949467779,Critical
24.2548381981872,5.150655960044492,66.89472213369291,72.9053945638647,70.34180462688244,39.06317364424733,Critical
22.94531862097325,2.1446671080951596,68.4574542884381,43.15124924149162,43.72248501739326,37.95063838398364,Critical
27.573897322913204,3.737570756562325,70.74155194798344,48.911160376301254,44.269340732674586,60.36023392438686,Critical
27.03154277423907,7.785886256347013,74.58129032967848,12.803418351405195,74.43195098062577,40.86793967696711,Critical
29.019776108216423,2.806934028907893,43.01403933336425,33.361880434754426,73.96110549326926,20.726962796097304,Healthy
27.880568350431087,5.597156651789046,35.726343190874026,13.030876348701762,92.68201077066742,71.86380218390413,Healthy
28.42784744307879,3.276330449572864,52.8429185286174,89.12671953411228,73.47242053960439,60.88750571779184,Warning
24.25627658057045,6.414311879806204,39.12620752344579,31.90570148966774,97.58746122429102,55.64142515945289,Healthy
23.41951635023778,1.9161156250284488,54.06982084201514,60.160345261570725,42.92169090399579,97.35748116946523,Critical
28.00491801312687,7.788747315549813,60.8630810718486,13.508138859501738,45.88046108684446,65.6959347170331,Critical
28.454677914138113,4.176526789685475,59.74632620198889,70.01626521750923,42.643951694222885,89.07452622315076,Critical
29.924041136005386,2.6523532434252477,39.34593765630789,39.07246111786845,51.1166110200124,31.156018896412814,Healthy
25.300941415291412,1.5144772313100887,25.845913110418934,90.81272682618993,72.47620665650068,65.53651705035422,Warning
24.976144686342266,2.1883053356127853,42.98440700004349,89.93063700406323,78.73433088564568,89.43837013847224,Warning
28.211303685935974,4.638417639892124,24.268619365324067,39.2761556525573,42.73510947692013,66.64846058239183,Critical
24.72642832202414,3.359022235019004,72.85630728694754,91.08648061214211,96.75825339073596,77.44113425016012,Critical
29.44605860482852,6.802183561178266,37.482034947960734,99.6541906148901,90.52992259902287,49.763485424976594,Warning
28.867302014744094,4.016212665632642,25.039883569516046,84.28740977115532,57.79674892942559,27.39596136296533,Warning
25.431952219000145,2.7409999081134093,16.65410439387381,86.03842129797061,44.63125181358808,56.63202361016572,Critical
28.00696854233198,5.32001490622821,56.978455108621475,32.410786249818095,50.19322439314344,51.558351267108605,Warning
28.036342992677458,5.947440518198121,56.39865063455831,61.903215897198066,47.61666482529836,89.36481459031579,Critical
22.82499095068746,2.169293355306649,37.13927082778396,16.05303225706311,47.397026757936814,39.51962418819778,Critical
29.220423253436532,2.1733345140182236,19.661272775097316,18.542614313950274,71.11370131994404,97.33873820280864,Healthy
26.042018979582856,1.256699988534801,41.625878168190084,99.90033508299615,54.75084654960402,96.6510495843597,Warning
28.611659728861934,6.154814105459484,35.229137179120585,39.39753244833199,61.488382991748665,39.8105314457151,Healthy
24.560396808244896,5.646631693352636,59.01284158277561,77.33655208439617,99.37032000305935,47.844156438185635,Warning
29.164185827969604,4.322416130248698,54.37565121442487,82.59985477241348,81.05885493552069,91.6444592699108,Warning
25.113613429873304,6.90919314278438,38.6985923328401,87.22209439065062,96.93884002282007,97.3297776716886,Warning
22.08670121184239,6.639691070650372,29.163016026574358,99.78654676619409,48.55339330198694,55.47512822688353,Critical
29.24305581135411,5.097480550777265,79.22233780011346,31.734683673118106,62.92836848995415,45.67976365127183,Critical
22.73029341428907,7.07789896359281,44.510105377747465,13.631574417372974,73.28390819694125,62.087521060123365,Critical
24.55450910072332,2.4408884702573777,59.737825325715406,47.00723661951274,44.60548371332428,75.02153650925878,Critical
29.60049573640644,1.7834373357840951,24.13594289259345,21.707260284605226,40.251246617677474,41.877961229998384,Critical
29.60485717550045,2.8882472806189274,46.56333047786086,12.01833002458496,80.22606002781505,78.91785396952582,Healthy
26.58750310498629,1.3996079926252039,16.789886791515258,42.43841444273375,78.50917100808613,24.132588569171283,Healthy
27.054697697358392,4.7181866960072245,47.85458266417925,80.53644259677128,64.6473285999767,23.943559421153317,Warning
25.587564175826557,7.556239846064731,77.66113146265066,60.95626221025638,69.37864456192196,50.90301641164362,Critical
24.345686173584518,1.2754047846795675,39.973436344077015,38.150019028931865,64.92658003552538,48.27785536485764,Healthy
24.62931636295933,1.8547693980701876,17.534740817369254,68.89078049434477,41.44030269069333,45.25065722937218,Critical
27.38014764861631,4.165393197984047,17.01212640975733,30.881636227792963,60.122296373047746,59.2815810135128,Healthy
28.01899623550144,7.537125122695334,40.21913939654652,11.294330146487653,50.62493532383739,45.6586865849257,Healthy
28.332632349806786,3.2130927348372538,25.401620870107614,78.79180477927846,45.905451346082124,35.380633477447354,Critical
28.31694514235643,4.550643660818747,16.517886261332084,66.13687763776082,97.403226033361,44.75756392708807,Healthy
22.72964882438952,1.2910100133527447,64.15388490676149,78.6072362050864,75.96158350252993,97.9923418248188,Critical
25.95536243762065,2.038402406734622,44.803995577322894,13.504421501889905,83.71937705419616,52.88907335958789,Healthy
22.460470080133156,7.906410860711929,33.800910178222544,85.34076650475869,58.92182459596705,55.57702214866686,Critical
26.396231058589883,7.755830875052319,73.50540689607125,65.7573580032673,63.588827769640915,66.1235991960912,Critical
25.532244010987014,1.0345798665408674,22.549032413034166,60.70558156413761,54.215439633803406,98.66726147313813,Healthy
29.1016334620664,7.662682497962673,77.13472388209576,66.21526433030785,45.817940257925486,39.32810211486104,Critical
24.80732010041663,5.473839564708502,35.407836629527935,87.79899221815276,50.741898246495026,74.50256884259471,Warning
22.936536131420848,7.075428061640155,72.74623870006428,62.824285590301635,87.85084271778915,77.27877548333792,Critical
23.143933456422687,4.183178989437014,54.191286971165,62.285534189936136,80.65274831102656,68.58595334344527,Warning
28.09208505373978,4.6091722000547515,68.73597838319668,99.16112413591893,72.81573255912862,27.086267170931528,Critical
26.94574450653009,4.421926061798441,78.96085560868018,78.10571503617112,68.50539237200609,74.14978206620611,Critical
22.808981408982323,5.668049802822731,33.74635345821847,49.80644249060217,95.34605701936746,25.12757688289404,Critical
22.672854448919978,1.9775587832941903,77.47380655149354,73.6657300029635,44.364096866720104,67.69141196399175,Critical
27.607753051672958,1.2098151291087458,40.31632316865732,45.03074245226097,56.83604879427496,79.16649417773941,Healthy
22.58210405091355,3.1555095911383364,40.05827380789995,30.59879162351491,60.996271214242846,36.87759124959604,Critical
28.57488047432285,5.932765339156527,37.12516177654287,63.716668919898346,86.94554873276726,87.32976060342193,Healthy
27.64993781725197,2.4129741648606386,50.19149447759304,93.53638883025563,99.55087720971828,22.42830444264034,Warning
22.650790245135198,5.714027033274421,25.019427806601662,93.62255680139165,54.44023088542919,87.50502909266449,Critical
22.678701712681537,7.789384322750893,50.99124654827072,40.77147502949413,92.45844004822484,56.82632405142121,Critical
29.893116628009402,1.6573050105259286,50.21081280665026,57.490971959952546,89.83736562590748,37.40703519453156,Warning
24.99416636604896,5.708214827575884,64.52361781931656,29.047230871287507,53.479443858505995,30.70225159951744,Warning
24.965137176535126,4.106251535131998,69.18724752594306,99.6067998548995,63.95995481195335,96.2645734065898,Critical
28.50239653806002,7.076995780642537,43.628687770307565,98.30061170811422,64.58037215755115,25.81324700649254,Warning
29.57798861907087,2.2400485261317016,34.65166120784709,68.45580367367026,98.6932401115935,35.92747359487405,Healthy
29.888008510582967,5.848381665583152,31.856768325611142,82.3972653709726,50.8535140827339,47.825787794643674,Warning
28.027025482071533,6.866807027536772,27.650549385816674,74.359014515533,87.94947826628692,69.61878791688963,Healthy
25.010076684247327,7.6122995363181625,18.747092842936617,63.384239713552134,60.051562850386595,63.58408682208787,Healthy
22.66800573358935,5.7827361980275205,37.25911862425637,14.801319729000792,83.85222074656963,30.05147939298512,Critical
28.217175327419493,4.480223348058991,32.56609998850091,50.9287908297395,65.20066025773977,43.17823869905717,Healthy
26.46723399788644,5.324930681408497,77.81713008131648,70.73076719506695,74.7015857869924,39.100141686881926,Critical
25.39377607397581,7.082334891351028,51.25107370625285,70.97784524953163,89.95670639956786,37.08342835922731,Warning
29.250835080757888,4.9942682264718075,37.57300753698299,43.58103565801452,88.24993389903305,52.891546918398966,Healthy
22.88957985844921,1.212709417877858,52.730394064590236,94.75227879922275,91.98539101238201,76.32251620733255,Critical
25.94100083432687,7.516640868548844,24.04778558747021,25.06213290131029,43.57703952067954,37.39623457737888,Critical
22.090829158139353,5.826687257220928,43.86284369814319,55.03235015940046,81.5230331823847,49.33431037623851,Critical
25.74928513595301,5.735593700440726,55.70523089236915,72.17955788957406,48.39924260330577,51.27339414729298,Critical
22.450426205454697,2.50972606678402,46.77835906650934,72.74222253026284,64.94911408110465,98.11652235483281,Critical
22.950543330144576,5.612198291628601,41.11562204253108,68.3775061091934,72.91530490328131,96.3733085503255,Critical
22.940209974216838,3.7570508395791093,79.60014527848038,34.77593921066742,64.16436908480985,84.01100662016607,Critical
27.19368241692851,5.558630839290444,72.22045953968025,24.05859118179598,71.17670054818045,39.33271366553481,Critical
27.968359034123388,1.746151212155935,55.521387280363605,67.23462941440398,99.79157852791715,25.442985127333575,Warning
26.666950120777276,5.604917132221252,52.00952847684838,63.937190452549395,48.11303882277129,45.35233101764998,Critical
29.697380387796336,7.995896080394666,55.342931188597966,26.142040926031687,80.52736272018554,41.34356395470647,Warning
24.998964636189633,1.3374842720238922,28.08528700845816,73.4625231013507,63.76005798313691,60.47406401171151,Healthy
24.285696690254888,7.840219289549221,40.68395331218071,50.96547925602908,47.980587934439725,82.21823280542344,Critical
28.948793025515684,3.8483557250600944,17.564869637908455,70.09845324428376,49.524205802458575,88.66583511030865,Critical
23.78876670815562,7.095274152360814,45.910492436643736,85.36303717931357,96.95638637473701,87.58912683284068,Warning
29.70578031552489,6.476698388407915,50.2965979572481,25.275558571923085,92.77608980270573,48.77404489784542,Warning
22.09723579751853,4.969113826906675,29.803732846708623,11.723038119715302,94.4225176249013,74.97874747685464,Critical
29.75903061366111,6.1691444647592855,77.6618750657584,80.11923277562082,99.4919665496432,45.026735801937605,Critical
22.34527929560461,7.149608929109435,74.11454971092073,64.87276826373544,52.498923400511075,24.872443458814615,Critical
29.129144909584568,3.828982251557231,61.93931030463388,72.96756126599095,61.3263602418437,76.12522124823539,Warning
26.2216088726904,3.289232130942671,49.67013086974857,85.43394774897783,80.153141795492,20.786204205583026,Warning
29.943718368954404,5.673153698945093,71.54799537709953,82.25298413420505,69.02815239163884,52.734606996679084,Critical
22.59037251788319,6.65492159358881,23.49240234852509,96.48281322359422,65.10337200270001,46.35034154416606,Critical
26.430834275210564,6.33599594343631,66.38313662786753,58.23415709669064,61.46867496013558,75.47020308150819,Critical
29.754420284952793,6.584695542010442,23.11335290784514,53.96460693939148,75.62683791660713,81.29963782083031,Healthy
26.18478275336119,4.049083203690531,66.62369306571135,46.16984799016571,74.53560571840492,44.327570877702705,Critical
27.0351891050821,6.7248395132251515,32.9248919363382,23.83219385597841,49.687470043854404,84.93016115558828,Critical
27.565989511876936,1.841463387594259,72.01088776618228,61.53465095938202,68.30439025110634,43.513340840394704,Critical
25.636328518142186,4.811423685725947,76.36273609865086,34.93112718933809,73.208306572591,55.7061087989249,Critical
27.020464640672508,1.0403106234868509,24.671738011332515,92.91767609916779,74.21721632388343,78.16148216113072,Warning
26.674514495384802,3.272100809301892,45.07391432925058,62.48717238493878,52.60643157474111,75.43361833798309,Healthy
29.209264083927913,3.565230744099785,78.76417958057453,63.35561624572991,84.5362835351372,98.989477784976,Critical
22.363571042731664,3.773208841264788,46.42148333825453,41.9432194789309,41.51194568926418,38.01288193727455,Critical
24.24770551673784,5.868270446829035,71.13058896344543,14.679041677993673,61.28991133258976,72.98543308316658,Critical
29.60329187261247,3.7199067088924203,53.26754893853579,12.856938883568976,86.81275891213801,68.77455266206219,Warning
29.12211027112733,4.140855358357714,39.39644401477412,48.100162973787775,73.83357526332414,93.20787635920239,Healthy
25.645254022285705,2.662808916120292,33.57593110918156,17.610884028751407,55.66974595065162,32.508971331590004,Healthy
26.961060782412293,3.6127625414053806,28.209500920595673,64.61622599861252,81.69718716058286,80.14385308695464,Healthy
24.21904946384906,2.5908873908420604,64.51688243955032,89.28757050756917,74.0434566493644,65.46148930150147,Warning
23.50496927779009,1.5123714663791055,40.12513294349681,89.462333486685,87.77461656738323,41.97326958303243,Warning
25.709587239519855,5.224140153669645,48.232905043048824,69.31408691190092,84.1015111713894,57.954793131773926,Healthy
24.826817824208423,5.677489589885114,47.00115620007683,29.01086483256379,76.60647532217408,46.702127765583825,Healthy
26.669248894806977,5.336432422067301,52.52313690015353,87.66971482229849,69.29066051864883,66.34507222307687,Warning
22.621877095719878,4.244458306604006,71.2625144655959,89.74840917818874,47.9909275400514,91.12004886517327,Critical
29.795158461329333,3.658500461254609,78.74805733292291,27.698822645766285,55.679981073123024,65.54439875297616,Critical
29.889685955836825,7.043335547002776,41.4929735572981,76.36834771936095,65.14596837502512,70.53779346612673,Healthy
27.585293712157963,4.633572495953526,68.7887299369097,35.78675940344107,75.95795722038332,61.499827769176754,Critical
26.288770930752964,4.3542731434081166,64.69430665255665,82.23762811176367,70.8224713129183,24.093240515638072,Warning
24.476220930290623,1.1794944606450497,52.27938184461226,99.75141099132424,57.29107155757177,38.62868455008754,Warning
28.51036015765559,3.3887347933830947,77.14306433477566,12.702340479645354,40.387861467382635,59.36013835456662,Critical
27.477849380431035,3.6613693315009996,28.03084350934618,90.76292792118387,69.77435331404884,44.81882269957638,Warning
23.300935514759132,3.7917594662783034,22.102173670125392,66.03674802387923,57.137559313734585,34.54108782089554,Healthy
29.28741747595074,5.061206584591326,70.50752785210244,97.6044357248339,84.07649804263211,60.330627353475066,Critical
28.580297943385354,4.7352178270881495,43.54473808119364,51.85085657737849,41.43677591622901,45.82478347582803,Critical
29.59839930633539,5.255335649554112,70.05297552345893,86.26491375142363,75.08966867834745,40.64861145387318,Critical
27.80575606710688,6.3541828307948975,73.05086333770197,15.61546617384495,96.48845425036393,57.11883339523047,Critical
26.90732156748632,6.690900171012654,19.059743585239644,40.175114507046615,50.46455602668997,30.66274064657385,Healthy
25.34594429032495,6.0268615335854605,72.42520959409394,16.031488397608896,68.29896944503572,94.21965864603258,Critical
29.461827866832106,7.688665871684543,44.140738599012444,97.78088201311635,45.48531950902829,89.41616783353912,Critical
28.928511116003268,1.1276280787345314,48.17811178527509,83.5276516544653,77.54091473568116,76.60964685924283,Warning
22.361749360849515,2.370445899784823,55.72851322105866,86.72926791213735,73.03190083577354,28.4971062070765,Critical
22.210935795978017,1.052940124846995,75.21486943745563,94.41687082905048,64.44193145276994,82.07018035757544,Critical
25.011706935024396,5.532322999082221,16.242546137934664,17.659313750780683,71.28262128842448,84.63658624872151,Healthy
28.48442664625466,7.286213842649908,45.99482544065811,44.7037833262,93.79447950814061,81.42116941714701,Healthy
29.898209034519557,2.704376076034095,59.70193275798644,16.393140013960192,51.77765813866402,29.11727096953929,Warning
23.203335128828225,7.4892418135741465,61.97595225038485,28.971379139502574,41.35387070232083,71.51263656542118,Critical
26.75304572281708,1.421871732026926,60.01460804991202,30.642919933390512,91.69989308194606,86.74598365995189,Warning
25.047126853048173,7.5410521876386,23.73828341152792,52.21964899428208,74.62702494327439,66.18827209757342,Healthy
29.759315182516826,3.461358810677441,34.46071324415928,34.17059507082783,93.43950732771054,71.71259001824711,Healthy
28.736951385085668,1.7099457991445157,38.31650915210587,19.088029613598497,75.81671340479035,56.66907835410449,Healthy
28.706629637689105,4.401102314304279,67.28841849916782,25.074198018469694,88.60966539758215,62.296585590724206,Critical
25.74954527835976,2.7974359740435557,33.11939170694595,23.254800719688184,65.78040180130887,22.750148668138017,Healthy
25.318556018701322,2.9941103137334597,28.695822651368207,97.57691181210684,84.99159587729612,71.11704175786276,Warning
24.18725657544565,3.1510297544840062,77.23412123747624,78.33632562266263,94.78248801339136,26.515777031292735,Critical
22.451003973207417,6.621181284828644,15.576113532375478,97.09853187426057,74.32737782333237,54.80116754721787,Critical
28.917779010040427,4.774128936726782,79.85835561932858,49.57664378571177,50.847109033742775,43.412407813392626,Critical
28.50320807304062,3.1791538940920256,58.99338442573072,35.05316334963909,56.12785690181189,63.634236016937045,Warning
29.997741386289043,5.272336483176429,68.85050446419261,81.8463877488268,51.918674613844345,30.673306841856565,Critical
29.973094696591243,6.013054719562355,34.150260762502555,39.36285262370321,54.81142165574398,75.33147215786545,Healthy
26.44345364482102,2.9083680051347365,15.9304930483589,36.94450363348135,58.384926961062185,83.60092295427764,Healthy
28.151899321444084,3.8948437106774607,62.961518706499454,30.925539298704805,73.30802720519131,33.06835597945252,Warning
29.558125839059425,1.853202653358633,69.21939880504392,21.67110804018118,75.27949776782997,28.34504698815057,Critical
28.79717912541929,2.268045446742762,63.130948576978746,33.08167549150894,65.58998483451167,31.64123862298873,Warning
23.97878481394558,5.76782497775488,24.28526867455451,41.97877736264989,76.92524678925012,90.17020495188014,Healthy
25.60435308248075,2.2700684338693886,63.97281494670299,70.65947873311573,44.89449553668196,62.2551409405085,Critical
23.03327532121196,4.676143685669421,64.97998083699666,15.630835799750642,45.2672942234896,57.38087968060021,Critical
29.632408218069777,5.9633238320570285,57.80513351855357,28.945624569880867,50.30976762145951,28.53694552818834,Warning
26.84939707560704,1.7481384616632067,64.7975356317131,82.81212762625087,71.08464988242069,71.96448054055695,Warning
23.829142444027703,4.971185537402325,69.9848935790526,23.22297312253937,52.839680721898816,89.4399673516072,Critical
27.373605475246855,2.795939485909546,54.8842674254348,40.83806318702694,56.99706420955464,86.25486954587623,Warning
26.945025923663167,7.740488126663059,20.75930640802914,87.8193029672326,64.01877017037964,70.0843767184641,Warning
24.865301744262723,4.384819527039473,46.695807628368705,23.94327800290984,88.71196744062279,26.02229733213389,Healthy
22.908460737597032,6.641947848426106,20.04720675365433,17.44631520563709,40.83172815477161,28.99176217408104,Critical
27.372585564742398,4.851585795093833,41.490297017108006,53.608419557200975,78.96272921419734,23.944718968785974,Healthy
26.162461607230348,1.3038877299837341,41.46192179316579,37.217756015068275,80.13259186244112,40.598337319397544,Healthy
28.178547133885115,5.432059629158156,19.290639869115704,60.70675280354687,87.9193468213982,30.85291737283022,Healthy
26.161308008895947,7.659823395446599,37.67333470801616,82.34244014351276,95.9651763436188,40.80384322019471,Warning
28.817452002548322,5.211282741024318,22.214876421435463,22.343363933746886,41.20827093695739,50.804644457516936,Critical
26.415254710195885,6.734322015987532,67.53528865059944,62.26291760988565,49.22702233079297,95.43862272569085,Critical
26.48750377228309,7.189445243438855,76.5997216876906,55.49578843508775,93.17027764335958,68.83008478253537,Critical
29.01322882126676,2.5965584036425273,19.70057089176601,22.96709074118796,67.51111373122092,86.79790285463699,Healthy
25.227862929699178,2.4843138793575865,77.0824884739606,66.15986369760842,73.8754383360078,76.82812005698658,Critical
23.072121827605127,5.276866921956942,48.967478956888435,34.627637607469445,79.78163222338884,29.00025044213054,Healthy
22.230261410506714,3.877199288646933,34.4717690670018,53.90508866896113,80.74399626973825,78.87363250991591,Critical
28.041098045388953,6.879029120067043,19.99603489295063,17.40450918493557,95.9044241989905,42.00791052472995,Healthy
26.96247641082772,7.300161863786078,47.54057742457716,51.36256514922607,99.81696504470018,71.1286277595765,Healthy
27.632638144793788,3.4739496551190268,66.64351039189866,37.581712123853826,83.20944765585641,47.27695789143908,Critical
23.703713292071285,2.6580939128213745,60.96062102233538,84.01430900668188,57.233272552309046,99.81378106117273,Warning
23.090971804694156,6.463678606707033,18.264690745158294,15.128085429763145,92.78514413766061,41.08411835974223,Healthy
22.116357325343056,2.923642248836953,19.73861929891373,47.67465474264969,42.9532548724457,42.33043766194157,Critical
24.804700470452776,6.758300229595749,41.186763371121415,51.25882817182942,53.86485117246977,94.45378044499186,Healthy
26.719341494837064,3.96616777554134,34.19388211311631,75.25054686692069,93.84314304782289,21.971552370905812,Healthy
25.137952360797858,5.672849295040293,30.10498099864311,61.68588175811899,55.3714908663613,75.73511902985575,Healthy
25.499799376189834,1.6687471968426772,33.265292429066385,70.0491103474763,53.23906357730491,78.02611125887024,Healthy
29.233269555949988,5.367015272736011,67.2263783142975,79.93443570865806,48.287517588414836,86.91028619283195,Critical
24.786043736186404,4.162373751160604,75.3998234860705,87.59826762923699,91.54670545881498,97.95514485107803,Critical
26.111915913278487,5.106259242228319,41.331675144291815,38.24879470502235,70.0034955514652,98.0481535325322,Healthy
28.269224101929144,2.176099454214044,73.89721513861231,58.42204348275126,80.49359218324929,25.22214060531711,Critical
25.17234225857016,6.158116214609275,35.89722058111233,85.60972705952798,54.34398304450178,85.7471458202322,Warning
26.976693601822987,7.0395795428026,45.968404112346455,99.05060178685508,85.48242526067298,71.70479469259051,Warning
28.89890966997396,2.5171786006354298,29.69188485803998,90.05673799393868,85.6003326977259,71.7873707498473,Warning
29.596164989261137,1.670001888641132,56.630942741429855,43.43205363619391,58.755881494498006,30.267994129175584,Warning
23.1765878474323,1.1654701023243548,78.63377248636257,27.564986549678537,64.64095798061697,72.01497331565227,Critical
29.412701001291957,5.493800503102862,54.22705124281961,54.04532836659298,52.58141664581205,98.59860644809983,Warning
25.936930344636306,5.249658252621465,38.25791546738068,76.74773066524381,98.59366139937426,92.94548556315576,Healthy
24.065955106391666,4.82688188899849,57.10813398938434,54.331216367796785,78.7361546235047,55.13045286438804,Warning
25.67308604990609,2.623629672811828,22.989844100250192,53.48627769823017,96.07263284293093,23.195837862887547,Healthy
29.840260602283816,3.736341971338603,72.76284021725091,85.44073789736206,58.20313261774799,48.98347920001639,Critical
25.940944751942958,5.161334346303211,47.700456800689366,42.52634011604677,86.91345477981338,86.11122492804442,Healthy
24.630012882300065,4.477368012014185,44.207733232576736,87.3815207330481,85.95151863308452,76.11992811721328,Warning
27.067206834533806,7.914498641504212,53.08121124947875,46.61243208565512,81.4993391119925,56.747492447516514,Warning
23.921164950225545,1.955078267897132,55.61095108131116,39.540979511050544,97.93833851600803,24.408122812706488,Warning
22.60690662486931,5.866011878333157,19.665427404723346,50.85909200797291,63.613320166378934,54.15157822586421,Critical
23.031037775285192,3.830231376730045,59.37011937952116,78.62022628073817,47.84303941538544,57.52199517743068,Critical
23.02436671166218,3.9973973044793034,30.725559220509425,21.340182507759486,80.30253155464365,94.28444263153088,Healthy
23.215221548098356,6.023184359607233,61.40692111292834,27.677729428481566,83.75858802863237,71.28688828657276,Warning
23.110617381195283,5.847053059270587,68.46476163497279,95.63003430967828,74.50363440752888,44.93223333237191,Critical
27.12699795842572,7.938791955915319,67.25730299091381,25.794246464322164,52.40907358800378,62.02546115605771,Critical
23.45504067519316,1.8987600261788766,50.91256288151279,61.09545861379491,70.26735650016133,25.284424625772807,Warning
24.765338266590906,1.7287675456891645,48.81104300019883,62.13830199957441,58.731384194147765,97.80545885197894,Healthy
29.174307279248094,6.070371719901188,24.286937487061763,54.066201584522034,65.64799169000135,48.804792154458084,Healthy
25.791693122102977,5.048708419044864,65.39749977620382,68.02707237191368,78.71311455067983,58.22938839305087,Critical
27.340461908168216,2.919124665918641,32.64160972903643,30.684405321785658,84.71288456145007,48.42271793895381,Healthy
23.37855896961304,1.5559355829229062,47.28520248316652,59.73960409990734,53.933481454080585,74.600938409296,Healthy
23.538312150469366,1.5996077471750136,33.47781604028859,43.49559297222074,64.3195216388172,72.97857266636744,Healthy
22.32694893013183,7.259336122648828,23.698843594980055,69.55005336662701,56.14969425949775,77.22578484233085,Critical
23.351480504577317,2.3430712730312004,55.92125029796288,22.710118903583453,51.91789683171215,41.451458368953666,Warning
24.228722712255667,3.2636009348086454,18.531582263488747,61.37896751555286,87.0032331997503,45.25347849312528,Healthy
23.416083874213975,2.5865948155889162,63.661940218203,26.674331984499133,94.55516166621955,30.020098487696636,Warning
22.709620270056444,3.484974140823561,35.64314169197258,35.07787568035327,62.2139311410746,72.440797747689,Critical
22.965086968804805,1.4859668992226536,15.008755045291545,29.68388202912249,85.07673546242602,23.183770186852204,Critical
25.686230144261806,4.633418536357892,48.223394050419934,26.45540018819354,93.81971736186466,67.81458684187672,Healthy
23.65066974724634,1.4732879451455043,18.045374054294204,84.31398564046003,90.7674526318139,89.57567078813071,Warning
24.914158888384605,6.602495554756531,32.951021258358466,35.71368108948013,50.96880331235356,91.26657186317068,Healthy
26.027338166838856,2.6359845733730314,60.953471684621555,93.44114036780044,97.37751289080168,55.923020829596936,Warning
27.523158629034924,4.780083402231574,19.074825405421283,97.29338728106718,62.600586425767744,56.7442950570459,Warning
22.31449711872879,7.160553612930208,69.55700200314016,61.41344229433876,60.35443967043018,26.157534640641387,Critical
28.39528319127234,5.556141583330359,15.248294972807901,22.870101039915376,43.74587963666682,73.66120203544286,Critical
27.023203115927263,4.730704505859347,31.043551498123644,43.709341904162315,69.17041924629298,85.70075362982764,Healthy
22.654072255590975,3.270336271807629,63.15876364988464,81.79590370133926,46.54081693845572,39.57240436837704,Critical
28.988628992854217,3.3310133914073856,35.55755973240494,43.06516558273634,54.91238925564556,53.70407053066917,Healthy
29.366979204254505,5.686408686387331,21.62300522429088,17.831549647250988,59.01655730603688,87.10714694122163,Healthy
22.48862367883891,7.958975528548173,38.41520472202781,60.110641983536915,88.52957940950104,90.16963741298304,Critical
24.21502118517763,5.63287432894565,32.57556361499416,86.06087663464314,92.52931902375379,39.45439842113807,Warning
28.44961023834449,4.904483921590174,69.77627364043607,81.63337484291522,58.14797904768818,64.04565076330914,Critical
27.986077523069266,6.114553571674723,35.3676146430343,25.76108261173179,91.52188727467444,35.39945205086617,Healthy
23.476168154851017,4.256439285986027,66.28061066544046,70.548815297122,91.43385624218746,28.150301131164525,Critical
23.674794586693682,1.4209963982054965,72.97168941269776,29.84538370920824,85.87905702309241,92.8896401113566,Critical
24.963776822331056,4.936077711145368,43.19813227247442,29.6386781096955,48.801706840910896,85.64060033856873,Critical
25.87618388152817,7.703376991537661,74.14630435053549,88.66645959746667,81.41937081404375,80.80279214425391,Critical
26.946038172242368,2.2271205965036174,39.525673507607536,32.470205746620714,96.70144387483413,23.901305505051234,Healthy
24.95130911655818,5.830034235744661,77.66509707185703,33.692261186621,80.95242872602942,87.49830341682059,Critical
25.700277729065185,2.4065358206133953,20.80381909416224,10.05880516851696,59.89701094647004,55.0435260724307,Healthy
27.97976750507005,4.750793791311569,59.65625232271078,88.36021307129658,70.03475904584988,47.39160986366877,Warning
22.29346562312478,1.6767351475270373,47.09791262970036,81.33353318882213,78.74350260106321,63.718108882030116,Critical
24.019495554752165,4.152596553807296,40.19717235461706,66.45960415816101,70.63422452371022,27.308259417884464,Healthy
27.70679668707642,6.2931433022667225,56.12627211865906,77.52391875449581,47.19717650385819,80.53172394819191,Critical
29.161654701497596,3.4330006696728743,60.75071095623153,23.68437106820426,58.72384267912124,66.59480615106366,Warning
26.093419536925328,5.654382071410526,15.28361252727009,51.24912351288179,88.14376183321795,34.9272077498534,Healthy
26.256907882122526,6.568149725528104,25.851950768567917,41.60974486139028,91.68508276573104,35.058575981523646,Healthy
22.85737609071821,7.490244736356169,61.347993291230715,18.439887363131483,48.23800196293421,34.73989212581394,Critical
25.579298934587637,2.642494572988175,58.31505188258342,53.75174366934317,97.14320514392348,24.560191004154717,Warning
26.260938131640184,3.795211410665157,77.79308783336401,92.86656853083718,59.72935707091656,67.02387594973479,Critical
23.939764029077836,2.066912093312922,64.4674563663009,13.605320714562502,79.7388243238432,87.22785420708065,Warning
24.153945847595047,7.947384515108626,76.80022600253697,36.23148221444145,85.10950875740087,21.399857118991086,Critical
25.01827330483698,7.4890067754700675,60.66513259976245,28.67868425851331,88.716774078273,23.920371597701884,Warning
22.16056958222181,4.779699911963917,34.3733935615638,31.43319882991267,96.74498213355581,65.82162213495566,Critical
24.576633324665426,6.894233060634949,21.84871994630567,91.75910966914377,58.775172881729354,85.55965483088418,Warning
23.691584055972356,4.646705840904295,65.81855111742081,52.12621488108611,91.51038727309327,46.13911124549069,Critical
24.619978817423316,5.365099816019318,56.86969939593453,51.966947164583694,47.90121420617242,47.969151904617775,Critical
22.95809705455401,1.6238710248121162,18.132090805564253,78.4518078209754,82.30245438121557,67.70771979974208,Critical
29.12421824591916,6.286892943477655,38.40328028356359,23.904298360443324,84.51866377083915,41.93703112993176,Healthy
26.74873962843239,1.8939943854466437,77.1919880064786,53.85388186900457,80.66339447207923,22.12866928621473,Critical
27.43281855315592,6.782473411767699,47.52607447116308,48.69866927089537,55.13888416810918,78.81828144812769,Healthy
28.313369908858707,6.474196613692701,43.1273938412808,63.72196214919905,92.3825888209122,70.05199303531624,Healthy
25.987537591432456,5.961212884200835,44.750474335354106,99.96019329253947,50.1315078022237,66.46047992445273,Warning
22.69536230469939,1.2531226636733348,28.577377060335643,79.25040046738424,43.21808749124985,79.33473031934585,Critical
26.296852334548383,3.1218984916173005,38.96596610621169,45.807913271568445,83.04789943671473,74.018467004963,Healthy
26.694728944167032,2.8417879893759,39.03786163916648,84.47977470466422,68.52854291396402,36.47055905426569,Warning
27.96351579347464,3.5209548523006338,18.403076312185707,25.363752698123218,90.94588119752056,48.19848375546809,Healthy
25.453276369837436,1.6134992273468698,64.89189585366469,12.741731767806412,63.00382846349554,30.08881133429,Warning
23.02064242236451,7.55870476121744,42.072788073752136,28.400353521784574,50.09671531046277,30.38856107343048,Healthy
24.270207246389795,4.876615684986634,68.44169264306751,40.63704005028337,90.18653154819218,74.09565970852314,Critical
24.90465837118908,3.138670174606165,70.2726200727932,55.95226817136039,72.9345778984043,88.68800855859986,Critical
27.16733793065281,3.778870619519984,28.779613555412773,65.36162264870798,51.3517475434213,97.01860670889113,Healthy
26.566226437351297,4.13041778353385,57.72797634105836,91.95451454929795,83.22303991518675,70.26776940395555,Warning
24.84877380718277,5.204160333524321,45.69831727059381,55.886860859541194,70.66681830937003,34.728105868876554,Healthy
29.89212199034384,4.609755993875485,72.21018796489653,55.11480801631564,76.25877893441918,28.452027635914455,Critical
26.846198554855096,7.435743812500921,29.02314414646952,14.521870884068392,67.65390029239491,85.02807772294062,Healthy
23.897814333887958,4.478744380340812,59.05785802015287,13.142039739060143,89.72253902908038,66.30051810879993,Warning
22.81425978096323,7.945106103763189,54.503887946426964,59.60439657247348,89.77376294098299,69.46280168109759,Critical
23.222873113474655,6.9599747042156705,34.19459604216913,49.436075192351005,82.56332930946317,82.51696710037675,Healthy
23.967661827076064,2.4595736005013507,23.87905873732622,85.52623554822688,46.32408264378773,76.26217821859613,Critical
23.285450986076444,7.514166502507414,57.35658443102297,24.461162624066066,90.33123171424413,86.75666022848773,Warning
23.492536192410448,1.8145647851983326,63.008834778601496,12.247449590534464,80.26077883197459,24.497112436790278,Warning
24.280761349550776,6.722147959438341,35.51577734461775,50.41348911371133,81.82144996025797,79.80165093972039,Healthy
23.386988762358037,3.664363054336061,56.914119261450395,31.373070107703175,61.7789704242323,88.06822058576763,Warning
29.1741233970114,7.1458202431154865,40.68350899474771,14.46529360049537,92.7567733694204,42.89080339666515,Healthy
22.64186996529314,7.076396830752152,61.35844741337015,75.21384581628661,83.52229601409145,71.23578191946022,Critical
26.196091116562037,6.641477800823348,27.948992868113454,20.043369996152272,46.75542799175167,45.13296510695777,Critical
25.283174615917293,6.53021305414943,72.86397517135133,64.74875500069945,64.46668206436976,96.63768531859633,Critical
29.859028935268853,3.1327539736862855,33.68162377026268,35.29447751502003,93.1828217176085,22.673885794840302,Healthy
22.89631121734442,1.5664349813587652,38.906089204149936,25.61464453195198,42.83180210184274,66.38342750663641,Critical
25.182844792365934,3.8208612513561304,18.775976885222736,44.17763706273857,97.68499717852296,33.32028376396121,Healthy
29.75576346620295,2.214671604905561,22.248293800882966,82.13011986006583,80.74975409917377,76.9776164141727,Warning
28.92405700715184,5.864657622317232,48.53102367630133,45.28842192141154,77.88255865860259,34.07122267349297,Healthy
28.53657656759424,3.4226980857644986,32.39352398731815,77.56926842899502,56.23355538927948,38.83066095186861,Healthy
24.063222616359518,7.829271406019404,69.30621467324264,21.293766711923563,54.92750732435062,59.54966488366065,Critical
23.367100699120527,5.4868045414173245,15.955070262572,79.54942776985712,96.52349316931573,93.18679599975025,Healthy
27.349145759395448,6.7573639454405265,39.641113163675854,31.32399924159838,57.89634725404736,36.93714977183767,Healthy
29.435007913020687,1.9276727091929389,36.927460539991024,70.96538168999855,86.53031780313997,31.539201689448284,Healthy
26.45410314411144,7.034101375908358,16.256296009644068,60.92033993568967,63.58730789242475,80.71814654832245,Healthy
26.5729015157592,7.45930033359376,23.083945935033164,93.62302454905186,48.35524424708224,60.04956258671448,Critical
24.23983274928227,4.409433431732551,41.88677386971129,44.85902661777826,40.642917861721536,92.9428089905417,Critical
28.155943465535493,5.243770564256842,47.03619798908403,15.954866995099641,72.65544022091505,31.729164572787383,Healthy
23.49634998846019,6.353668606320968,41.278833571566494,11.72399369961276,98.54672911293596,71.67423144184315,Healthy
24.58943389123395,2.2238703908228876,49.5109490967861,84.41727048754778,62.14817162855227,38.630331692145205,Warning
25.403491508931335,4.517962535244097,53.6835588688693,57.226207389528895,61.43154003958269,32.540834292131144,Warning
26.06088302947564,3.7906411944061915,15.645048373309315,79.77196466514543,60.64549707096653,74.67435321258164,Healthy
23.93927785932064,2.024617945135744,45.166185364477755,31.098304001036322,71.2326302382915,67.49476959269866,Healthy
22.91869459791363,3.57274095604072,77.62745065769325,41.057537096191034,66.43989300545762,80.3861966689865,Critical
26.88496033953306,1.477206165698455,48.73709820842067,12.709348499018704,92.79487760362088,44.75700611569459,Healthy
24.309044425922046,1.1806833486464088,59.04024738483196,96.53430921167009,70.33124750340941,55.837732510575194,Warning
26.649905771380897,1.9461640240837594,35.27115076459741,70.10811160307321,70.46547029131413,52.43773410643348,Healthy
23.23490172219362,7.741805781124217,65.30943957992956,93.98845789833756,48.302295683233396,98.72715711732114,Critical
25.84912081483854,4.846706751265119,65.23989632194748,33.89467666861651,98.96437245462316,43.37991653915103,Critical
26.260715460412687,7.76075512807254,48.88424309751903,65.03172501030947,54.99837345212978,43.58537906774135,Healthy
22.414588294579417,4.027485148310924,78.44089851314888,71.0649971463374,44.40184404757616,48.36385670628859,Critical
24.692834225551366,3.182712931596817,23.16076395957247,38.579473023182956,79.78877493851253,65.16752650322572,Healthy
23.075317415511794,4.542993039881709,16.101598217822765,86.32983115140671,75.72198220941236,40.18581954109962,Warning
22.50699976378214,4.076581820430371,65.06028376421123,95.24453166102231,64.90873923956474,93.22319523034191,Critical
29.919681859119564,1.7396527898322074,67.46510992871737,89.63696059264039,65.33153403284068,41.25484518930108,Critical
24.578830759797782,5.485784202831444,22.813469892837457,76.51602783454352,87.10383526278588,91.66525852481557,Healthy
28.478995566837078,2.5122672775671973,32.262884142309396,34.971821175245864,51.74275840597895,28.278005091726772,Healthy
24.03712523811011,5.337115684284807,16.14090361883088,35.34544378950686,89.21519913669339,72.52501619197218,Healthy
27.452021777791433,5.551407646787074,34.065059700736704,96.70242884014341,78.92482683370109,92.5588414750595,Warning
28.081822879117492,2.0641739719005368,65.25422180471365,10.925604634212283,65.13818642677147,33.499955071858366,Critical
26.765109924862756,1.4294473897746771,48.667434301317634,74.44449759179301,67.48171699503212,97.4661568079404,Healthy
25.772609508401267,6.4653311024790785,37.626213555938726,73.56215462997359,55.39883243116575,56.230668833240934,Healthy
25.29472731317815,4.218602966385241,39.16305416891147,66.04205868548178,85.12685996181848,95.65720867528196,Healthy
24.79094613234396,1.4071465685383306,15.08798567150543,99.10979614781792,70.77248453831606,74.14560349040376,Warning
29.436233153982606,7.96406422018837,34.487034291740336,38.06914921873527,59.251272564990614,44.12694958988412,Healthy
28.644955262301835,1.4044639269745665,57.01981820646548,40.597467741392336,75.76300694565701,35.06420199336851,Warning
29.720215285332102,5.865246602009872,78.3226388480632,17.10454626519,99.74406712307939,44.29880369800795,Critical
22.994377787884357,7.885752476843895,70.05895375395347,49.85183228893637,66.11573677939323,27.441392741014,Critical
27.846939801629155,2.674260729511479,16.533672701959393,33.49436736113633,95.24148404671718,31.50943730746638,Healthy
29.506723654568304,1.9957455808103732,73.40643930386456,40.90480319598798,60.701010395473965,28.37283522771849,Critical
23.449864529325282,1.8496945759570023,65.90789686441069,85.11146112300649,43.283962415499154,53.83548349932462,Critical
22.53197013893422,3.1229260329731687,65.72444803211373,94.19360621747461,52.25452638210573,83.64627010060691,Critical
27.928965194320472,1.7073206770745268,44.76972433523215,26.715976480466708,65.12170859966105,31.310684337307215,Healthy
26.595784905439295,5.845129391858923,40.87034404204268,43.52580383981193,53.17809571567414,30.425634653786872,Healthy
28.734630214066176,1.436042586910439,34.68952237415752,93.57675059038547,40.01362229309533,71.47431596138647,Critical
23.118179013010316,4.5659548970485275,19.270165832033776,15.562761462030037,94.90009226485164,35.7746385574453,Healthy
28.362138494879122,7.976877976970838,29.83529862709044,18.312447530024066,90.63276467385575,27.808803048719327,Healthy
23.613018560381956,6.697791886542132,31.029236273571602,24.651189028560644,84.53753388921683,33.34788625644621,Healthy
23.309247542925636,5.306536067617076,46.465009531163105,63.56915507141873,50.06887573876172,93.89851167014208,Healthy
23.31412638344794,3.1437753455062816,63.58388642878511,23.542504390539772,47.221814572599165,85.71770022209526,Critical
28.516597761851056,5.367270854041469,45.79763884586653,97.12687433056601,44.056284968342986,48.32516498840753,Critical
27.3215777655696,4.689290247381561,18.75988921406544,50.20430745326683,83.44175132637527,72.46566138619143,Healthy
26.184523398152955,3.9825836872326006,77.25633706423325,55.13661643151497,95.72847764127312,62.982053893443045,Critical
24.87064387298802,1.9149726371813962,76.2770807411173,32.199275422486586,65.83214925478222,74.16994107860512,Critical
29.017604326504866,7.206229506683267,66.03732030464654,52.38642271912602,47.14844031976289,74.61369219702075,Critical
25.139560859381085,4.148492541749258,79.43631360167434,69.57222693733104,70.74356924392639,70.29872120479943,Critical
28.532795515772616,2.3623575827453553,50.39135163201709,77.60594232586385,60.92991444751781,41.28810948298469,Warning
25.513079268561746,3.5743154561410275,77.57994276645839,77.84812744389217,62.48949546099986,23.12051366102545,Critical
25.01555543539926,3.898908267702489,19.9143276400888,62.01020014246795,77.27983744934244,56.445342559208704,Healthy
25.70143828535685,6.79276526896812,38.76924863698913,91.39237974944714,83.12308679573214,91.2779107752563,Warning
24.411022993313136,6.135300663929814,29.64978242043978,83.56670625754984,46.63621593238965,65.55978068148607,Critical
27.98087504141001,6.385134255489379,27.729150468727553,78.1343303228763,42.13541384838858,86.59128333615263,Critical
26.021763120739834,1.0772188510005305,24.152191678023947,15.004496951241457,99.6598181611429,99.32994743689825,Healthy
23.857701561174537,3.9130779872583306,55.456886701789784,10.619016599768438,53.96370093493311,33.0892963310621,Warning
29.19659658619655,4.369409061447265,65.78592062357482,29.120254947592567,43.22983149450754,75.34221113135858,Critical
25.071129770985692,1.1343459377613967,52.589395962323444,69.7171234522107,51.3925197457552,73.94348589600197,Warning
26.34842288891191,2.8186924612152398,24.552576123233628,47.007773999429126,42.33747078090785,98.39643578866227,Critical
29.251776887716375,6.322028761854945,67.7230450456756,46.21656333693806,63.5086536770303,98.84805871622403,Critical
26.993903967311937,1.9597679401029935,56.33705596564235,89.61281994066523,88.14410706707946,74.93428893793036,Warning
22.935184325666913,4.747170920168141,40.23077089825471,90.60065633186548,60.47466698546324,39.489183358575545,Critical
29.5186569889078,2.5064131041206625,58.81846920984409,91.82577376482271,66.651004412702,83.88446705044792,Warning
27.02166442457134,1.0848454225072528,31.893823650784135,38.24902688635246,80.53520641404633,28.562330736883048,Healthy
24.67924491725669,2.6884102031967902,37.437493552123684,72.19502314653356,70.53364420419281,82.4559443337303,Healthy
23.1141765813071,7.831116284370377,74.63657980357937,34.44698631469327,91.68674116127946,92.81568993157572,Critical
28.352201514162367,6.610759783180927,33.882792868642326,27.15488497670048,91.96214050274538,50.626671581474824,Healthy
26.960582047428108,7.717036510247234,45.549237430265876,26.616921161263228,40.59464172946922,70.45082359864644,Critical
26.267688735810573,4.414978307484537,72.85917393074095,40.789685877723464,86.68277838899195,54.411418567746104,Critical
29.151140664407663,1.7681533907425244,61.001887767389285,48.69618578018395,67.64401601450044,55.021204399050276,Warning
28.308777689796244,4.8357164228158505,19.043209700705678,84.78542539495615,99.33043247821978,44.82967112864961,Warning
23.21339903786201,4.180641341919726,24.574697878133072,20.79019841254409,68.99392455252611,80.97036963602596,Healthy
24.493776542364387,6.910499579177312,15.509703400174594,76.14332626554048,99.21375672329785,94.89412513332041,Healthy
23.987913118515728,1.6865780654897122,56.00991636489562,57.83094227703748,85.27416167234419,95.26006873875689,Warning
27.951570340581416,4.417687959152447,44.098772651677194,35.91508084083932,54.91629307679838,33.982502789994705,Healthy
22.268259477886236,2.05034065285789,23.72786530864791,54.353762607954216,72.30369875721746,89.97949197252528,Critical
26.55911747897053,3.27273148823042,77.26571786869007,36.994786279932036,99.52813836871496,78.99451531416977,Critical
28.099669485925524,6.161499541714598,49.42788205646529,63.64737597144754,91.45183646511542,40.22699205522314,Healthy
29.014125094093995,4.332126905581366,30.723064117337795,49.04595305697198,45.842013627473264,25.382769033721164,Critical
24.73665398972726,3.631217996020385,47.53923212505599,24.796497617099085,82.38231980859976,41.43978135075024,Healthy
28.570058437376105,3.761333949990247,59.175321627782004,20.492476710012706,60.73477515224879,92.97665894252205,Warning
22.885053895641658,4.2161273788419065,19.955549168281692,59.20261138649171,40.41893571282089,70.65429399166179,Critical
28.771618333876145,6.495115806859398,32.85574797811298,91.21717299574931,64.20885814161997,77.68437287182975,Warning
23.01990929865586,7.244592822581641,67.45275690745959,40.9561917901917,54.085265303498275,40.57218808872767,Critical
25.178298324482938,7.687342805527498,44.87821657617298,75.97000965003609,89.1321562312283,77.55105244598562,Healthy
28.378362926236427,6.508323703787066,50.52751423209917,69.27952194457903,60.23983653074593,22.2497205022339,Warning
23.19933941879019,3.207848270236089,43.1330401436155,93.83994228785329,89.65142163722902,50.0257076618411,Warning
23.83401116186113,5.816942942605795,17.853496271795333,83.88829155692268,40.03587633008772,70.1402678833865,Critical
27.77802054714453,4.0632218683877435,25.773735688310136,60.99447330149167,58.469149001567146,31.687725243305618,Healthy
27.760292292368597,2.7826943543223583,43.96020651822291,69.13274484106965,54.46991285846572,85.84028595575478,Healthy
27.129181063082378,6.886101055981459,28.597055251515307,90.85478199256313,54.01404166411666,38.80250390495349,Warning
27.551587555736802,1.2689844427362749,18.248636862879117,45.95669061282413,44.09119718592776,72.1824890254757,Critical
26.34179554678077,7.312333944947965,69.83722816336854,39.41152352719996,51.2274562246301,52.41577140602637,Critical
24.014392471255622,4.2303422523731395,78.77751439566752,10.97299752716767,73.33297419313719,67.68348763821177,Critical
24.765567948031354,5.460410337657963,66.55428680978807,84.38959667723178,57.48166437026467,28.596044210312648,Critical
23.452781734411406,5.6154774554404785,70.49601991080335,82.08826303630283,65.04368693974888,21.353023993728584,Critical
29.267604490669026,7.265824184945755,30.72851347060795,19.400906629013626,62.61201282083131,92.7651541904241,Healthy
26.667134358128962,5.456687775170451,77.44075340835798,61.917164301943025,92.55429549999367,41.57040070137462,Critical
25.20681133410912,5.297535093320432,27.800170789472844,51.75835283501986,94.31793994063092,85.57416022243673,Healthy
25.69604642915306,1.4665642839248298,76.8429376735191,20.683818595820032,69.5774182993516,99.94802403777601,Critical
29.57826671689452,4.628856153616429,79.66325410778681,98.25114043546512,59.80935701893627,36.914500639912895,Critical
23.226811224928642,2.0511830057192917,61.26198237349317,29.322629871701988,46.40804224014182,41.213659294668446,Critical
26.689838656134377,6.162036381050399,78.77434256646842,16.051076208150505,97.2041727629257,73.02878301077325,Critical
26.04710943107573,4.5855534456887215,52.020085671861736,63.536264155171864,43.61361669401785,97.2358907680497,Critical
26.891633883477184,5.761594454458473,31.87021590644587,76.49800094197295,57.85901665409683,93.26514785525951,Healthy
22.144881470566723,1.2917103042166898,43.40473256826536,12.919910144246828,57.88397207020025,60.23004160524679,Critical
28.97699127155321,1.5935441123206227,53.581460799621084,69.284587485432,59.2240771684129,83.60882260213798,Warning
29.4569462598689,6.0142637164387756,19.750301531755973,57.9062688356309,49.85721059634456,30.859668247992083,Critical
26.521065468713672,1.5045903519907136,55.45231220012099,19.293850798754356,86.98968585542183,98.19505473632098,Warning
27.573206591015136,1.49879709435681,78.77655938954915,25.527148925172586,47.34987171795935,97.14825872287892,Critical
29.379995049418365,1.0847593266442122,27.356997235942295,61.11768675844725,78.09439954918977,33.09831663033368,Healthy
27.657909074507188,7.695509788096361,66.51868255874491,36.672185216195956,47.43076160234905,43.95384998424853,Critical
23.22031234331409,6.162558516213049,74.01342159567525,94.44841557861845,44.2321382555774,28.012399800541353,Critical
26.610306881334505,3.472759859514449,76.34060353331435,83.68662065356457,94.56577022115259,41.737407911854376,Critical
26.85372037106285,3.0757490690135865,77.40881428635407,98.52104858622967,51.40772597912234,85.27646315321653,Critical
25.393045370419088,3.4479226082209466,48.89487651689568,33.37037550553726,89.27500927358226,50.26524857322076,Healthy
27.891553884997784,6.422574718268273,78.52501401944774,97.27512695181794,72.67785226642815,27.07175737174067,Critical
29.47493611815212,5.629594277492901,64.22516346373853,48.81104828124021,44.67139117652618,47.37804198231237,Critical
29.40454810325421,2.2963689750722756,25.508643355402523,41.276691578237916,97.32689148628405,98.51066673930241,Healthy
25.606714971233057,2.21876534733859,45.99850692041805,14.531457427241792,54.81767001951355,70.37468762073624,Healthy
22.90590436672604,1.6887695479937812,61.691526399180255,14.748873207364236,91.57872072115639,53.29287571249262,Critical
29.878729591698676,5.622119037909367,31.077120528240417,72.28101303519892,50.12860034707385,33.3230810797816,Healthy
28.711184691567475,6.350608635552152,56.63998693067768,51.213609499062514,91.23657292851118,98.89414378269558,Warning
22.997301449626136,2.8553249982750284,58.32903113803025,30.386946343249512,40.79372877431764,85.6679207410503,Critical
29.36673506093898,1.1466147272163898,25.575483347556784,65.25732756927094,70.70682739416884,42.51818419607355,Healthy
28.959170896497028,1.5752016723349915,51.73054530942916,32.75723064251,86.16655476529341,25.60549565769516,Warning
26.150704457008576,7.775020243915213,65.1557492136095,61.98685789099803,96.087731049567,24.530044590204643,Critical
26.730203485959436,3.068113442341942,47.42821819483623,42.32878722844213,94.55212817238922,29.630251960442706,Healthy
25.192021630961044,6.384562034866935,15.786702590446982,84.11970039506372,89.17749217285869,66.46148668915373,Warning
22.43809311057625,5.372644981979846,15.587500490153992,83.86265446901014,93.29148097967824,94.30107369643939,Critical
24.68157793316721,3.673577477570271,38.20690735805079,52.96153583101612,51.95318115022459,59.739474240478756,Healthy
28.42282758878409,2.4398108353688857,75.20261444806583,41.573719840151405,57.051057742703726,87.43563859649578,Critical
22.03705618403682,1.849704927115845,29.86399067423457,42.63038169031851,57.33811149526351,55.670929588784624,Critical
24.667993373529153,5.305090776272066,56.233639776659665,82.51430731013961,62.62323586010193,76.68668366142602,Warning
25.185349548727547,6.422436464464516,29.434931595065837,39.53615345178508,63.59924022311132,78.54981898292007,Healthy
26.299164823503382,5.507329774787915,35.90854932787066,28.81534363361614,72.67331947928054,33.91709647226709,Healthy
29.358844931302084,4.712114932744108,70.12273582409645,17.621950768777616,49.59278580198648,48.89728471806494,Critical
24.770767954927692,1.2936585640214537,62.375993747546545,52.00238087959676,81.47479982715936,70.9841725230419,Warning
24.775625615169822,7.779421443160686,21.20095302535869,53.391888902785766,50.05399235827039,25.655728654749296,Healthy
27.900009984877986,6.590999341582022,42.86563136411819,85.68178393626164,58.61850892627285,48.923215021036526,Warning
25.617743527118456,3.0497542569067533,16.89603463694219,29.91148268014576,70.20070783636925,62.783957302495395,Healthy
23.796838583519857,7.859792305511954,46.257859529195585,44.28921463015599,87.78643369140863,99.6979594435711,Healthy
25.619516129061548,5.213171127454254,58.05821076056942,82.75651650043218,84.36815399432363,57.96268500979526,Warning
23.126856163038397,5.076958607450726,22.70267053387985,84.12612496740762,78.73206138463134,85.28454056914589,Warning
23.411095892049786,6.2365122560067245,33.777521029095766,44.61499683808914,49.34639563481021,54.56538280532942,Critical
25.986942181915836,6.682388516630963,40.8593806576402,51.32116209580128,72.82272073693466,83.71125780957671,Healthy
25.351403596036384,5.595350251320519,74.76951660264324,37.29573017643546,45.24679010799313,67.63318412960868,Critical
29.3187672085448,1.8966702245634002,79.56157600249266,93.92993905773808,62.641790607799045,90.92763532019187,Critical
24.899151192933065,3.3678725419614888,17.91923443471503,20.677938916742228,64.81099181739755,52.875404188008794,Healthy
26.64470680222435,7.496585482282348,64.46551502720048,94.0374480701323,42.38868636674523,68.34435358571831,Critical
27.05811430335624,2.5723092829069634,39.16206431615231,71.54798066518089,56.43928596819831,70.40149444950619,Healthy
22.104755652706668,3.605169166862593,40.509782104916205,57.841493741805806,97.33896803598937,53.39063534403786,Critical
27.308298976133685,4.024538180609372,64.02722326755648,12.93931547060463,97.21795646978137,31.54496349499852,Warning
23.42428773495801,4.075834927861165,74.69771808945156,52.803657263980746,61.13962325515236,27.484752552986844,Critical
29.68856253975564,5.290577077461679,76.81035864266565,46.6973294502459,42.58600653689945,21.333724047970648,Critical
23.189301822024902,7.601530864212953,52.51296809249085,24.50969307776103,50.745696359690896,89.88274113961717,Warning
25.31699298981619,2.6848489828275346,38.212875354532684,69.07686431505913,63.53306760601241,38.917992979095565,Healthy
22.68279734462915,1.8505096341064264,66.19069058082066,97.40358166314572,96.86678187815379,36.920539942541446,Critical
29.974994014767578,2.382293429019561,31.315089912049515,60.59699299580726,48.471943812231096,78.88283203408524,Critical
26.01756008264994,7.208474301464887,51.66481187417865,74.32779487995512,85.81095062009274,45.60128904699134,Warning
26.76308013856035,5.520675688586442,38.30759999911675,16.16054073094151,46.52095236248152,60.483575392946925,Critical
22.53661181910742,3.001347524674121,57.68101979101195,47.590029623529524,98.87545464347662,33.0008852237965,Critical
27.999683763193424,6.711628572780321,30.62592933807795,20.47226366480463,62.896989946548096,96.77965771695754,Healthy
23.679244744764688,7.029589974544052,27.453541472763675,65.15162519828594,86.51407233394336,88.12651200137898,Healthy
29.18443431552571,6.925600370831946,74.68554063390341,94.46339423927391,60.555464968667906,89.10316983720026,Critical
23.641117123856056,7.432485735476881,21.6172393917199,69.55999592244747,77.66013262952852,52.541899885760415,Healthy
23.525501765309333,2.7656871412135313,47.88726400277056,16.912274348297938,51.52096508440221,80.98889709657382,Healthy
22.29239734278476,6.285293501223948,29.355430892595578,41.919958448657454,48.76126115781775,31.510092431182414,Critical
25.776535560879992,4.22377648091898,17.530447616168384,59.55970414967664,96.28384837408788,20.689520207342422,Healthy
26.51872906610093,6.893989870230431,17.341223188942717,46.2886980519927,95.058836674266,21.59783460624225,Healthy
22.52566911542682,6.099434740131293,26.38941518687878,85.0279609427655,93.24813641277294,66.92813899236484,Critical
28.204220933560084,6.435132125498073,71.34007304289001,83.32039042389903,77.52600700999561,56.43159241983526,Critical
25.626310677984222,5.593132863767501,33.36111835850673,65.06479180928993,88.49609267297669,61.44122791268158,Healthy
26.19512215462064,2.242001386287948,76.77984608739422,43.611215061943476,44.14221621468249,20.597051233377552,Critical
25.526101975505824,4.8151884322785685,52.80544904429758,32.98027363869197,60.087342513440746,53.81492957259405,Warning
25.20610448700261,7.892688176671557,43.3799223349698,19.528688639181638,58.822187485429374,77.44545289606887,Healthy
26.477122650465745,7.561716465479832,52.70577425351455,41.94079151378986,78.1387193171568,55.41549615739487,Warning
23.2419219674457,1.3022161505790817,48.58539503970741,47.18552654869476,61.35746640823843,78.57753650497779,Healthy
23.45542504396217,2.15370371010606,64.32045649422614,70.82406325936662,48.91040689862085,38.64151715174678,Critical
28.89428496810814,1.9221014141819333,33.362244288235395,69.23438418678161,75.78802452481263,85.05136035853803,Healthy
29.56892369706906,6.081859369897068,37.94827545401966,16.309732567713127,88.8630352401449,67.07449923627618,Healthy
24.986474530238024,6.7244973089986155,73.1161296646613,45.5733383888042,62.92740966759839,36.8610479543925,Critical
24.16595738514843,2.4945795641747033,76.51967335477636,26.360098049562573,47.9361229059089,38.93763806830663,Critical
27.151996345912124,4.540968850662803,73.01628478662084,24.113143478512512,51.80129183876938,70.24243716556296,Critical
25.269873368784772,6.8849211960784,42.26411960722538,84.45719347635213,54.24899831016304,86.39516745699547,Warning
22.20309084528276,6.129610813363755,65.7237576954473,13.772369504463178,57.99385557967217,53.25022256233241,Critical
23.249220778929523,4.795660438442938,45.96182266457142,47.72645883119092,78.56770423037855,40.66403433020738,Healthy
27.727777830779182,5.13243383321141,47.340090389496645,25.13832901898664,76.05672907226314,89.36092855284804,Healthy
27.27139153528121,4.55852382841396,28.30420708872346,89.13971941106266,81.76479169402235,73.5414633400668,Warning
22.216767940027868,3.082839159231744,53.42346971180357,60.13364619475316,61.75011907189079,55.84683898264612,Critical
23.775777295463595,4.955153950013113,27.098833353967617,30.824257273916324,89.4398591127987,59.03201562234415,Healthy
23.848598372704572,5.822197114350635,36.551705439367595,55.218455844973874,52.245259669345614,36.34051743491171,Healthy
27.375141948789828,7.113260411025654,70.57696310529579,75.83377237328042,68.14244485108924,70.14421040518752,Critical
22.157684302034912,5.454039477854737,28.45992759870559,96.23062080274904,88.05632329248581,48.69940084343109,Critical
22.83286865587659,6.327850759302106,19.625288536273132,29.840140382087704,50.80951886395715,99.65161413394794,Critical
28.399328682985516,2.120501444682011,19.48549351983306,89.75635949164106,46.59178682444698,58.414681220951024,Critical
23.42835729643467,4.2309023209385295,76.15099383270201,94.08737027507412,93.02103806127938,58.87084849516906,Critical
27.221968862814997,1.0653213387896532,47.94982846751925,92.47784900788596,60.57577976555175,65.26814299285375,Warning
23.905462248373812,2.7267520516513613,41.61178466810619,67.18729211757189,81.03220749454192,93.34048024949973,Healthy
22.79553114207476,6.085232005791034,67.70710776551469,66.68385889912369,41.52091625583631,84.06544798878002,Critical
23.945377527995632,7.942669659445544,69.32868531418355,46.28895698654405,81.40281330456698,56.09040558382731,Critical
27.778135454845273,1.6942466971105112,36.5924171525143,77.71580940734091,58.96607869281823,77.49594127782368,Healthy
28.845571744850286,3.8104602110290178,60.08517373579669,57.81646165158387,43.34445121524651,66.89883990246094,Critical
28.641758916535935,6.600496780894116,65.12298303037262,70.9694264105465,76.58876569288702,59.389363896099916,Critical
25.17746823694764,2.428249442402292,57.552294646287045,48.56121134639159,54.448228964390395,35.38526182274804,Warning
27.344681092565168,4.8855946451160035,24.85367986200646,75.83468176388251,63.2084345231128,57.11490107639128,Healthy
23.63987436332657,6.131499072207724,71.9324004286087,84.20243658440941,44.83484873719082,39.66548696180597,Critical
24.345181842088106,5.311898151821254,50.04114592784057,23.17926309425345,48.82979506569672,93.18737198813237,Critical
29.17068654816896,2.316173142307913,33.36070771405024,84.96367440168052,57.87863412975062,46.83254507970776,Warning
22.104015388085887,3.487691980800176,42.63983205345011,58.62668786112765,45.385570033609426,96.18112116266978,Critical
22.684068246835743,6.48654249139778,17.44212087592898,86.01993181812018,94.64957588117892,62.64442320757689,Critical
23.663090041168218,4.879585598924116,23.31134207945714,48.81715357069132,40.36282259103871,70.52355029409283,Critical
22.212257630990557,1.036607294800389,64.76053878353096,44.11364368447315,69.03161313185869,63.43523555914622,Critical
23.45148348071838,6.326935320196657,15.000756259098798,92.35546592655001,47.394847487953086,30.35044935733607,Critical
26.664332487757537,1.2471794845816735,42.07677885134899,32.605234079356116,58.46074536867691,50.065697520635275,Healthy
25.371396404739983,6.220136479118625,48.96316177056325,85.97910927575288,95.56357358909592,27.931688982209913,Warning
29.1413736886158,2.417363921156662,18.5512373000632,53.56185152584637,49.70167319643921,69.83632353467054,Critical
28.539548493907528,7.706514360835661,78.25008059320163,56.268589829613376,97.94993918309996,55.74993561603512,Critical
24.734538813583008,3.5755852591145914,29.698146531228677,37.762145334053564,52.3476626193653,82.23879772567494,Healthy
24.07538746745034,3.2885213143665535,34.77291677635826,61.57379805571141,84.49396650800978,37.63763847994959,Healthy
25.037539265338136,2.0422163523271126,34.756263296576776,39.26900766485902,72.8006358938387,33.16528467434679,Healthy
26.72235954011846,3.1392295084315043,29.977083037627743,13.534247281748709,93.06872365580556,52.50657847710143,Healthy
24.14450912658301,7.136555332797404,15.095798435610241,34.479874480992045,73.23959533018785,94.12683065747049,Healthy
26.993191262793072,7.9743403633907315,62.40741161571976,10.574113906593162,72.07355314937853,76.83374520099294,Warning
25.275293217529924,3.5781667135479385,77.84495748695355,98.05193083511709,51.72748002210399,53.513889983433494,Critical
26.416377446815844,4.140274416681798,29.57907641352793,96.91724888377728,49.97376172309952,61.38177358034484,Critical
25.489012233082533,6.054496567419159,58.09806746722246,45.56397677250745,94.98934906693086,26.73704089416787,Warning
24.35572607633534,7.2033704632555215,63.22326125231648,75.55337689056815,59.67029193100204,98.76607171008905,Warning
29.587626455697254,5.151310339307489,70.14764964088411,41.122548856938245,62.324935297773756,73.31258437559352,Critical
28.108846353278086,3.7406798872448053,42.47089780588459,70.39838413773785,85.5894195057033,42.832325477073795,Healthy
23.12090540613162,3.888352885940366,34.6905088666279,82.48870387413812,60.32940894536844,66.86467153721955,Warning
28.9477438071833,5.869327025477648,36.14418371149702,95.20806202230166,97.12374679834016,28.75858928551952,Warning
25.89944958599611,1.0225278452299507,61.32038665140333,46.01910482647048,84.27566613992802,97.26693350460668,Warning
29.156417815152732,5.337125362218885,68.09066532286634,80.49681846604429,75.8457545544052,33.98279903066928,Critical
28.398842047578523,3.488451073089502,26.804907904179174,33.93356055689069,92.85370963268515,71.84242544441713,Healthy
25.401708035753867,6.5593813189395895,39.11116553025474,99.12990734142835,42.97635450096897,39.63635700311443,Critical
22.17975446656094,1.6509344787619251,73.62611278869475,12.319263888791603,55.423761531352525,77.40491061188285,Critical
24.14941887507957,5.117415868638734,67.43507878015805,64.31759258510088,67.9021800532546,82.14570937922248,Critical
26.333073717286936,4.3668102292028665,79.01579617956092,69.35553834861945,53.61871236829126,73.87357831291462,Critical
27.067825758609178,5.496278681336592,64.02613687933525,71.9241001366716,84.63431123812911,69.1599568204154,Warning
24.06310148346562,1.4539751613807783,40.55768806681495,20.83488209101801,95.15248186322351,91.39752751616093,Healthy
23.114848592582593,5.059886511996919,53.39145920965145,94.46768051258174,65.4262071958554,26.290136879180643,Warning
28.679441894394394,4.930392115716666,57.96592652607582,26.306495114507452,60.527956006713694,46.473181262415615,Warning
29.875217445628415,4.924620660913196,20.099628060613057,66.0478062915857,97.69304392825397,39.86299837046768,Healthy
26.205521458421487,5.224413666175184,50.39230234175123,30.040847121077647,66.69114596965245,99.04111696523373,Warning
23.373434286786427,5.735275560584536,61.105853850719626,37.64947753191438,69.34290402695699,51.15118237334988,Warning
24.17845861215495,6.634922997765388,25.875884760068924,59.18126875553119,61.09899234051432,78.6090159392319,Healthy
22.147125412379733,2.8887450408975006,65.74106163266121,47.547407670811886,94.57290838072831,74.77801311048037,Critical
29.31439045248399,6.775345871260434,52.945230733417254,24.420304087885565,74.13732899691105,36.96649899819022,Warning
22.94200866312113,4.487789775844176,76.89441607034365,25.384276217876344,85.73047523089868,39.11981441692411,Critical
26.61213180411403,1.539407953940318,17.75744938344796,47.63303093465197,88.70840310105318,42.502765084242725,Healthy
24.192441765497648,1.4098565047078544,32.246198941105355,78.15546804479507,60.51094251503549,52.890182260750336,Healthy
26.433424020126346,3.3396682308724257,54.10100215448856,90.81681821630097,66.0216598792228,38.746005252042146,Warning
27.211363106814915,6.494278839780273,34.27639429338549,17.571489603344457,90.90830646437588,21.572118619747826,Healthy
28.637934429657612,5.95376654318641,61.43757066463074,45.3793516803461,61.79532110054861,90.35144454457564,Warning
23.651370174084825,6.520304752706845,64.33534336392552,19.022100735058896,87.63610800711108,97.24878651047072,Warning
22.087966629267843,4.6208833950912656,21.663537664320838,11.49332325693381,96.45953935446623,47.32563096252544,Critical
23.095085040550458,4.081392985688434,48.4005401734399,69.55468143795609,77.39262238408043,47.080550354037825,Healthy
29.20014913478484,2.0321676869439877,48.077886113418636,64.2204497769929,84.49763724711333,20.567345021949677,Healthy
28.991120620500123,3.297349275265181,39.00325006401017,24.67172024333976,88.3058387224681,74.42005506642992,Healthy
26.779304817362465,4.038135563217127,75.64011606702869,31.04315497837577,90.70237893379856,86.0351916598903,Critical
26.804134883469228,1.6202030077573206,68.78791079175937,12.133697828006655,63.70320027140776,31.728664028800253,Critical
27.320293396370044,2.544283668978479,60.31860982412639,85.14524851249634,43.07580755055989,32.77330794937206,Critical
23.4029702289876,5.187577058446172,61.43123132277484,97.72215364436963,64.11257627420437,83.20665999771502,Warning
29.31529556739968,6.149641799674329,45.01154934785274,22.191358311522173,80.42537378704539,69.30325986833157,Healthy
25.350164199136586,7.988432579750647,74.86464387127744,30.832769238876832,67.02102314684757,23.58884461021736,Critical
25.065108225995978,7.531793319404904,60.14870277146355,88.15685715522406,84.93778905162391,69.80375923698253,Warning
26.1513416422627,5.497956396746341,62.38376900762807,93.38174181605663,61.41894576811983,44.71341782750129,Warning
22.37572773420044,3.948736373058504,71.00990874617744,47.76646445261293,78.08464846624177,49.498012437667676,Critical
23.330266950048635,5.453241552957629,32.814653307242416,14.55602250421667,51.185188291238475,81.57851346375041,Healthy
27.904268931410964,6.499561326561624,67.4596087513357,13.545265032353747,84.96216619869742,84.87481541380885,Critical
22.66238934340101,1.8283533364637112,27.690639192171982,61.65548794621094,72.74175812878156,52.02853014718645,Critical
26.825216875731105,3.8693342278740177,37.44722689591771,45.36055980038611,52.24386331279604,95.77223488050838,Healthy
23.962792877450568,6.878615999449321,36.814679527539774,12.578718481988906,57.51467040986844,52.51701743616578,Healthy
25.114364912335812,3.686830663531308,78.60415544529414,62.49271530813011,84.91652251490994,81.74688281840879,Critical
24.3095498941656,5.003105898590306,70.67491954361525,11.017228293012023,68.95607413969124,58.710181165140725,Critical
24.84538173171959,5.114385526035387,60.57604100336688,80.86347623343457,52.96188642358433,91.80258612176672,Warning
27.752367241473962,2.2913337719354754,62.258689505000355,37.57895404330344,98.03627142221785,92.62089949201429,Warning
24.3769737249854,3.535648091566019,51.53473163616712,13.623220270830888,82.90750118901327,26.99334462968671,Warning
26.531237122375178,3.341579021193525,76.56089336205375,62.9516998884838,97.42808995238777,94.91946650481806,Critical
25.808403217592797,1.1833769597244537,47.2568189373535,45.79159729897492,65.62630272162059,86.04278732163326,Healthy
27.309369322901183,1.1693423472394868,39.73365114154314,97.64203720214346,68.50602044150322,83.30485714501334,Warning
29.494637914598066,6.821879305730414,25.597296900553417,58.977879625333195,93.87731297110115,36.072907174841795,Healthy
27.860576777682002,2.9114956698096868,66.10336739696876,34.771526293330744,71.50296041472308,84.4095367003732,Critical
23.719523028726055,4.626551363671708,62.738855584913445,73.84949781705772,82.43673471434003,88.01061877480295,Warning
22.24946508049028,3.0910790151214114,39.98307750406877,34.43428022884402,55.1303726497318,43.132026756332074,Critical
24.0981123543986,7.584754715807383,16.63757190734991,91.38189622668087,66.80358812215843,96.1808062689859,Warning
26.76062344560204,2.8150773120604162,69.53482630167069,43.72497734566388,47.406991948621304,23.98881171193314,Critical
22.411406507874002,4.007597689172545,15.742168924514786,59.48817064985847,52.3588021526177,31.992740259771175,Critical
25.97092997760989,7.109111753392213,60.74048567588831,14.551579344180597,40.056604916057864,63.00649104412115,Critical
26.774742791335115,6.89353496754266,78.06671213219371,48.35091141570077,42.35590309891961,66.06339768978478,Critical
24.673951126535687,2.302709924923941,43.447986329633224,84.91271856948954,98.63702939061575,71.61200666407227,Warning
28.167297629966576,6.618503168569973,30.27327132473693,82.50839248270077,54.54122170820574,21.357530345237315,Warning
22.852786025070174,4.207308207165249,60.81661565281981,30.188670296817364,79.79864257024012,96.82934196977043,Critical
22.60110225388647,4.380782104597486,68.11332923101304,30.347116390950642,90.3459819279767,23.56704741873152,Critical
27.825510049628825,1.9343598069116066,50.517970545060074,83.55747809919131,73.03962755419386,31.44495621787219,Warning
25.963930529649588,1.5642105962998727,77.85729289164951,93.7358578152393,49.18867000503737,21.12116140208456,Critical
27.507219171421887,6.095575148816357,18.358466907767472,18.58248291457032,83.68698624016999,65.34867466352758,Healthy
25.47861870882997,4.475228066487098,47.811713889794326,50.505277548360276,76.01508460597498,94.58135071367778,Healthy
23.971216265912854,4.057954918306256,61.699506575965756,40.370885106780605,83.8750353608425,73.27577328643714,Warning
28.5528185413936,6.106557600566777,71.07163062469664,88.36196099116954,86.18479737142523,85.81259747843418,Critical
28.395327031751833,6.358590292937768,26.651614774006354,17.51724232120169,98.5246220610847,21.062496276686407,Healthy
27.557571766835416,2.112357173685475,67.00022631463929,29.001334830223367,74.4137968016026,63.361223878378084,Critical
24.1771610978397,5.271576046343489,50.92595992170544,77.72215038278449,60.498466761436106,56.76503820044175,Warning
26.721845334952697,1.9474785759437987,40.77598932934761,14.616446408309402,78.90787341401422,59.917435537663444,Healthy
24.887791175520213,6.25962560220332,23.561476857641082,54.32818426428604,44.10644255455757,25.777054826815036,Critical
22.732656586613075,5.5986860938699765,71.2442243290793,49.7896331211748,93.84383909929518,74.7548288855446,Critical
29.338508603697942,7.696302347584206,25.2227585316815,40.09610610898738,47.16286068029181,60.257633188690754,Critical
23.09454904735169,1.4827061144949483,35.13621084859145,45.51150837870314,59.670570273149096,81.21190798890112,Healthy
29.60189883056642,1.3993830480587803,33.852959577558394,57.694652823720965,88.94472283756726,58.823250724937225,Healthy
25.568046183663647,2.975309522852401,71.64191222240552,24.523062254954482,75.83874269984271,31.950530898114565,Critical
